date,name,type,source
2019-01-01,New Year's Day,festival,holidays-lib
2019-01-15,Makar Sankranti,festival,holidays-lib
2019-01-26,closure near Republic Day,mandi_closure,history_mh: 56 mkts vs ~176
2019-01-26,Republic Day,public,holidays-lib
2019-02-19,Shivaji's Jayanti,festival,holidays-lib
2019-02-19,Chhatrapati Shivaji Maharaj's Jayanti,public,holidays-lib
2019-03-04,Maha Shivaratri,public,holidays-lib
2019-03-20,Holika Dahan,festival,holidays-lib
2019-03-21,Holi,public,holidays-lib
2019-04-06,Gudi Padwa,festival,holidays-lib
2019-04-06,Gudi Padwa,public,holidays-lib
2019-04-13,Ram Navami,public,holidays-lib
2019-04-14,Dr. B. R. Ambedkar's Jayanti,public,holidays-lib
2019-04-17,Mahavir Jayanti,public,holidays-lib
2019-04-19,Good Friday,public,holidays-lib
2019-05-01,closure near Maharashtra Day,mandi_closure,history_mh: 55 mkts vs ~183
2019-05-01,Maharashtra Day,public,holidays-lib
2019-05-16,closure near Buddha Purnima,mandi_closure,history_mh: 43 mkts vs ~172
2019-05-17,closure near Buddha Purnima,mandi_closure,history_mh: 33 mkts vs ~171
2019-05-18,closure near Buddha Purnima,mandi_closure,history_mh: 19 mkts vs ~154
2019-05-18,Buddha Purnima,public,holidays-lib
2019-05-19,closure near Buddha Purnima,mandi_closure,history_mh: 21 mkts vs ~64
2019-06-05,closure near Id-ul-Fitr,mandi_closure,history_mh: 59 mkts vs ~172
2019-06-05,Id-ul-Fitr,public,holidays-lib
2019-08-12,closure near Id-ul-Zuha (Bakrid),mandi_closure,history_mh: 53 mkts vs ~166
2019-08-12,Id-ul-Zuha (Bakrid),public,holidays-lib
2019-08-15,Raksha Bandhan,festival,holidays-lib
2019-08-15,closure near Independence Day / Raksha Bandhan / Parsi New Year (Shahenshahi) / Parsi New Year,mandi_closure,history_mh: 45 mkts vs ~171
2019-08-15,Independence Day,public,holidays-lib
2019-08-17,Parsi New Year,festival,holidays-lib
2019-08-17,Parsi New Year (Shahenshahi),public,holidays-lib
2019-08-24,Janmashtami (Vaishnava),public,holidays-lib
2019-09-02,Ganesh Chaturthi,public,holidays-lib
2019-09-10,Muharram,public,holidays-lib
2019-10-02,Mahatma Gandhi's Jayanti,public,holidays-lib
2019-10-05,Dussehra (Saptami),festival,holidays-lib
2019-10-06,Dussehra (Mahanavami); Dussehra (Mahashtami),festival,holidays-lib
2019-10-08,Dussehra,public,holidays-lib
2019-10-13,Maharshi Valmiki's Jayanti,festival,holidays-lib
2019-10-27,Naraka Chaturdashi,festival,holidays-lib
2019-10-27,Diwali (Deepavali),public,holidays-lib
2019-10-28,Govardhan Puja,festival,holidays-lib
2019-10-28,Diwali (Bali Pratipada),public,holidays-lib
2019-10-29,Bhai Duj,festival,holidays-lib
2019-11-10,Milad-un-Nabi,public,holidays-lib
2019-11-12,Guru Nanak's Jayanti,public,holidays-lib
2019-12-25,Christmas,public,holidays-lib
2020-01-01,New Year's Day,festival,holidays-lib
2020-01-15,Makar Sankranti,festival,holidays-lib
2020-01-26,Republic Day,public,holidays-lib
2020-02-19,Shivaji's Jayanti,festival,holidays-lib
2020-02-19,Chhatrapati Shivaji Maharaj's Jayanti,public,holidays-lib
2020-02-21,Maha Shivaratri,festival,holidays-lib
2020-03-09,Holika Dahan,festival,holidays-lib
2020-03-10,closure near Holika Dahan / Holi,mandi_closure,history_mh: 54 mkts vs ~192
2020-03-10,Holi,public,holidays-lib
2020-03-25,Gudi Padwa,festival,holidays-lib
2020-03-25,Gudi Padwa,public,holidays-lib
2020-04-02,Ram Navami,public,holidays-lib
2020-04-06,Mahavir Jayanti,public,holidays-lib
2020-04-08,closure near Mahavir Jayanti / Good Friday,mandi_closure,history_mh: 5 mkts vs ~35
2020-04-09,closure near Good Friday,mandi_closure,history_mh: 5 mkts vs ~53
2020-04-10,closure near Good Friday,mandi_closure,history_mh: 6 mkts vs ~71
2020-04-10,Good Friday,public,holidays-lib
2020-04-11,closure near Good Friday,mandi_closure,history_mh: 8 mkts vs ~71
2020-04-12,closure near Good Friday / Dr. B. R. Ambedkar's Jayanti,mandi_closure,history_mh: 5 mkts vs ~28
2020-04-13,closure near Dr. B. R. Ambedkar's Jayanti,mandi_closure,history_mh: 8 mkts vs ~51
2020-04-14,closure near Dr. B. R. Ambedkar's Jayanti,mandi_closure,history_mh: 8 mkts vs ~59
2020-04-14,Dr. B. R. Ambedkar's Jayanti,public,holidays-lib
2020-04-29,closure near Maharashtra Day,mandi_closure,history_mh: 17 mkts vs ~76
2020-05-01,Maharashtra Day,public,holidays-lib
2020-05-02,closure near Maharashtra Day,mandi_closure,history_mh: 24 mkts vs ~92
2020-05-07,Buddha Purnima,public,holidays-lib
2020-05-25,Id-ul-Fitr,public,holidays-lib
2020-08-01,Id-ul-Zuha (Bakrid),public,holidays-lib
2020-08-03,Raksha Bandhan,festival,holidays-lib
2020-08-11,Janmashtami (Smarta),festival,holidays-lib
2020-08-12,Janmashtami (Vaishnava),public,holidays-lib
2020-08-15,Independence Day,public,holidays-lib
2020-08-16,Parsi New Year,festival,holidays-lib
2020-08-16,Parsi New Year (Shahenshahi),public,holidays-lib
2020-08-21,closure near Ganesh Chaturthi,mandi_closure,history_mh: 39 mkts vs ~154
2020-08-22,Ganesh Chaturthi,public,holidays-lib
2020-08-30,Muharram,public,holidays-lib
2020-10-02,Mahatma Gandhi's Jayanti,public,holidays-lib
2020-10-20,closure near Dussehra (Saptami),mandi_closure,history_mh: 5 mkts vs ~166
2020-10-21,closure near Dussehra (Saptami) / Dussehra (Mahashtami),mandi_closure,history_mh: 5 mkts vs ~164
2020-10-22,Dussehra (Saptami),festival,holidays-lib
2020-10-22,closure near Dussehra (Saptami) / Dussehra (Mahashtami) / Dussehra (Mahanavami),mandi_closure,history_mh: 10 mkts vs ~166
2020-10-23,Dussehra (Mahashtami),festival,holidays-lib
2020-10-23,closure near Dussehra (Saptami) / Dussehra (Mahashtami) / Dussehra (Mahanavami) / Dussehra,mandi_closure,history_mh: 12 mkts vs ~100
2020-10-24,Dussehra (Mahanavami),festival,holidays-lib
2020-10-24,closure near Dussehra (Saptami) / Dussehra (Mahashtami) / Dussehra (Mahanavami) / Dussehra,mandi_closure,history_mh: 14 mkts vs ~145
2020-10-25,closure near Dussehra (Mahashtami) / Dussehra (Mahanavami) / Dussehra,mandi_closure,history_mh: 13 mkts vs ~66
2020-10-25,Dussehra,public,holidays-lib
2020-10-26,closure near Dussehra (Mahanavami) / Dussehra,mandi_closure,history_mh: 39 mkts vs ~160
2020-10-30,Milad-un-Nabi,public,holidays-lib
2020-10-31,Maharshi Valmiki's Jayanti,festival,holidays-lib
2020-11-14,Naraka Chaturdashi,festival,holidays-lib
2020-11-14,closure near Diwali (Deepavali) / Naraka Chaturdashi / Diwali (Bali Pratipada) / Govardhan Puja / Bhai Duj,mandi_closure,history_mh: 50 mkts vs ~162
2020-11-14,Diwali (Deepavali),public,holidays-lib
2020-11-15,Govardhan Puja,festival,holidays-lib
2020-11-15,Diwali (Bali Pratipada),public,holidays-lib
2020-11-16,Bhai Duj,festival,holidays-lib
2020-11-30,Guru Nanak's Jayanti,public,holidays-lib
2020-12-25,Christmas,public,holidays-lib
2021-01-01,New Year's Day,festival,holidays-lib; google-ics
2021-01-12,closure near Makar Sankranti,mandi_closure,history_mh: 44 mkts vs ~193
2021-01-14,Makar Sankranti,festival,holidays-lib; google-ics
2021-01-26,closure near Republic Day,mandi_closure,history_mh: 51 mkts vs ~199
2021-01-26,Republic Day,public,holidays-lib; google-ics
2021-02-16,Vasant Panchami,festival,google-ics
2021-02-19,Shivaji's Jayanti; Shivaji Jayanti,festival,holidays-lib; google-ics
2021-02-19,Chhatrapati Shivaji Maharaj's Jayanti,public,holidays-lib
2021-03-11,Maha Shivaratri,festival,holidays-lib
2021-03-11,Maha Shivaratri,public,google-ics
2021-03-28,Holika Dahan; Holika Dahana,festival,holidays-lib; google-ics
2021-03-29,closure near Holika Dahan / Holika Dahana / Holi,mandi_closure,history_mh: 43 mkts vs ~167
2021-03-29,Holi,public,holidays-lib; google-ics
2021-04-02,Good Friday,public,holidays-lib; google-ics
2021-04-13,Gudi Padwa,festival,holidays-lib; google-ics
2021-04-13,Gudi Padwa,public,holidays-lib
2021-04-14,Dr. B. R. Ambedkar's Jayanti; Ambedkar Jayanti,public,holidays-lib; google-ics
2021-04-21,Ram Navami; Rama Navami,public,holidays-lib; google-ics
2021-04-25,Mahavir Jayanti,public,holidays-lib; google-ics
2021-05-01,Maharashtra Day,public,holidays-lib
2021-05-14,Id-ul-Fitr; Ramzan Id,public,holidays-lib; google-ics
2021-05-26,Buddha Purnima,public,holidays-lib; google-ics
2021-07-21,Id-ul-Zuha (Bakrid); Bakrid,public,holidays-lib; google-ics
2021-08-15,Independence Day,public,holidays-lib; google-ics
2021-08-16,Parsi New Year,festival,holidays-lib; google-ics
2021-08-16,Parsi New Year (Shahenshahi),public,holidays-lib
2021-08-19,Muharram,public,holidays-lib
2021-08-20,Muharram/Ashura,public,google-ics
2021-08-22,Raksha Bandhan,festival,holidays-lib; google-ics
2021-08-30,Janmashtami (Smarta),festival,holidays-lib; google-ics
2021-08-30,Janmashtami (Vaishnava); Janmashtami,public,holidays-lib; google-ics
2021-09-10,Ganesh Chaturthi,festival,google-ics
2021-09-10,Ganesh Chaturthi,public,holidays-lib
2021-10-02,Mahatma Gandhi's Jayanti; Mahatma Gandhi Jayanti,public,holidays-lib; google-ics
2021-10-07,First Day of Sharad Navratri,festival,google-ics
2021-10-12,Dussehra (Saptami),festival,holidays-lib
2021-10-13,Dussehra (Mahashtami); Maha Ashtami,festival,holidays-lib; google-ics
2021-10-14,Dussehra (Mahanavami); Maha Navami,festival,holidays-lib; google-ics
2021-10-15,Dussehra,public,holidays-lib; google-ics
2021-10-19,Milad-un-Nabi; Milad un-Nabi,public,holidays-lib; google-ics
2021-10-20,Maharshi Valmiki's Jayanti; Maharishi Valmiki Jayanti,festival,holidays-lib; google-ics
2021-11-04,Naraka Chaturdashi; Naraka Chaturdasi,festival,holidays-lib; google-ics
2021-11-04,closure near Diwali (Deepavali) / Naraka Chaturdashi / Naraka Chaturdasi / Diwali/Deepavali / Diwali (Bali Pratipada) / Govardhan Puja / Bhai Duj,mandi_closure,history_mh: 57 mkts vs ~208
2021-11-04,Diwali (Deepavali); Diwali/Deepavali,public,holidays-lib; google-ics
2021-11-05,Govardhan Puja,festival,holidays-lib; google-ics
2021-11-05,Diwali (Bali Pratipada),public,holidays-lib
2021-11-06,Bhai Duj,festival,holidays-lib; google-ics
2021-11-19,Guru Nanak's Jayanti; Guru Nanak Jayanti,public,holidays-lib; google-ics
2021-12-25,Christmas,public,holidays-lib; google-ics
2022-01-01,New Year's Day,festival,holidays-lib; google-ics
2022-01-14,Makar Sankranti,festival,holidays-lib; google-ics
2022-01-26,closure near Republic Day,mandi_closure,history_mh: 48 mkts vs ~208
2022-01-26,Republic Day,public,holidays-lib; google-ics
2022-02-05,Vasant Panchami,festival,google-ics
2022-02-19,Shivaji's Jayanti; Shivaji Jayanti,festival,holidays-lib; google-ics
2022-02-19,Chhatrapati Shivaji Maharaj's Jayanti,public,holidays-lib
2022-03-01,Maha Shivaratri,public,holidays-lib; google-ics
2022-03-17,Holika Dahan; Holika Dahana,festival,holidays-lib; google-ics
2022-03-18,closure near Holika Dahan / Holika Dahana / Holi,mandi_closure,history_mh: 57 mkts vs ~197
2022-03-18,Holi,public,holidays-lib; google-ics
2022-04-02,Gudi Padwa,festival,holidays-lib; google-ics
2022-04-02,Gudi Padwa,public,holidays-lib
2022-04-10,Ram Navami; Rama Navami,festival,holidays-lib; google-ics
2022-04-14,Ambedkar Jayanti,festival,google-ics
2022-04-14,Dr. B. R. Ambedkar's Jayanti; Mahavir Jayanti,public,holidays-lib; google-ics
2022-04-15,Good Friday,public,holidays-lib; google-ics
2022-05-01,Maharashtra Day,public,holidays-lib
2022-05-03,Id-ul-Fitr; Ramzan Id,public,holidays-lib; google-ics
2022-05-16,Buddha Purnima,public,holidays-lib; google-ics
2022-07-10,Id-ul-Zuha (Bakrid); Bakrid,public,holidays-lib; google-ics
2022-08-09,Muharram; Muharram/Ashura,public,holidays-lib; google-ics
2022-08-11,Raksha Bandhan,festival,holidays-lib; google-ics
2022-08-15,Independence Day,public,holidays-lib; google-ics
2022-08-16,Parsi New Year,festival,holidays-lib; google-ics
2022-08-16,Parsi New Year (Shahenshahi),public,holidays-lib
2022-08-18,Janmashtami (Smarta),festival,holidays-lib; google-ics
2022-08-19,Janmashtami (Vaishnava); Janmashtami,public,holidays-lib; google-ics
2022-08-31,Ganesh Chaturthi,festival,google-ics
2022-08-31,closure near Ganesh Chaturthi,mandi_closure,history_mh: 33 mkts vs ~174
2022-08-31,Ganesh Chaturthi,public,holidays-lib
2022-09-26,First Day of Sharad Navratri,festival,google-ics
2022-10-02,Dussehra (Saptami),festival,holidays-lib
2022-10-02,Mahatma Gandhi's Jayanti; Mahatma Gandhi Jayanti,public,holidays-lib; google-ics
2022-10-03,Dussehra (Mahashtami); Maha Ashtami,festival,holidays-lib; google-ics
2022-10-04,Dussehra (Mahanavami); Maha Navami,festival,holidays-lib; google-ics
2022-10-05,Dussehra,public,holidays-lib; google-ics
2022-10-09,Maharshi Valmiki's Jayanti; Maharishi Valmiki Jayanti,festival,holidays-lib; google-ics
2022-10-09,Milad-un-Nabi; Milad un-Nabi,public,holidays-lib; google-ics
2022-10-24,Naraka Chaturdashi; Naraka Chaturdasi,festival,holidays-lib; google-ics
2022-10-24,closure near Diwali (Deepavali) / Naraka Chaturdashi / Naraka Chaturdasi / Diwali/Deepavali / Diwali (Bali Pratipada) / Govardhan Puja / Bhai Duj,mandi_closure,history_mh: 48 mkts vs ~163
2022-10-24,Diwali (Deepavali); Diwali/Deepavali,public,holidays-lib; google-ics
2022-10-25,Govardhan Puja,festival,holidays-lib; google-ics
2022-10-25,Diwali (Bali Pratipada),public,holidays-lib
2022-10-26,Bhai Duj,festival,holidays-lib; google-ics
2022-11-08,Guru Nanak's Jayanti; Guru Nanak Jayanti,public,holidays-lib; google-ics
2022-12-25,Christmas,public,holidays-lib; google-ics
2023-01-01,New Year's Day,festival,holidays-lib; google-ics
2023-01-13,closure near Makar Sankranti,mandi_closure,history_mh: 70 mkts vs ~222
2023-01-14,Makar Sankranti,festival,holidays-lib; google-ics
2023-01-16,closure near Makar Sankranti,mandi_closure,history_mh: 72 mkts vs ~223
2023-01-26,Vasant Panchami,festival,google-ics
2023-01-26,closure near Republic Day / Vasant Panchami,mandi_closure,history_mh: 63 mkts vs ~223
2023-01-26,Republic Day,public,holidays-lib; google-ics
2023-02-18,Maha Shivaratri,festival,holidays-lib; google-ics
2023-02-19,Shivaji's Jayanti; Shivaji Jayanti,festival,holidays-lib; google-ics
2023-02-19,Chhatrapati Shivaji Maharaj's Jayanti,public,holidays-lib
2023-03-07,Holika Dahan; Holika Dahana,festival,holidays-lib; google-ics
2023-03-07,closure near Holika Dahan / Holika Dahana / Holi,mandi_closure,history_mh: 65 mkts vs ~218
2023-03-08,Holi,public,holidays-lib; google-ics
2023-03-22,Gudi Padwa,festival,holidays-lib; google-ics
2023-03-22,Gudi Padwa,public,holidays-lib
2023-03-30,Ram Navami; Rama Navami,public,holidays-lib; google-ics
2023-04-04,Mahavir Jayanti,public,holidays-lib; google-ics
2023-04-07,Good Friday,public,holidays-lib; google-ics
2023-04-14,Dr. B. R. Ambedkar's Jayanti; Ambedkar Jayanti,public,holidays-lib; google-ics
2023-04-22,Id-ul-Fitr; Ramzan Id,public,holidays-lib; google-ics
2023-05-01,closure near Maharashtra Day,mandi_closure,history_mh: 60 mkts vs ~203
2023-05-01,Maharashtra Day,public,holidays-lib
2023-05-05,Buddha Purnima,public,holidays-lib; google-ics
2023-06-29,Id-ul-Zuha (Bakrid); Bakrid,public,holidays-lib; google-ics
2023-07-29,Muharram; Muharram/Ashura,public,holidays-lib; google-ics
2023-08-15,closure near Independence Day / Parsi New Year (Shahenshahi) / Parsi New Year,mandi_closure,history_mh: 21 mkts vs ~176
2023-08-15,Independence Day,public,holidays-lib; google-ics
2023-08-16,Parsi New Year,festival,holidays-lib; google-ics
2023-08-16,closure near Independence Day / Parsi New Year (Shahenshahi) / Parsi New Year,mandi_closure,history_mh: 51 mkts vs ~155
2023-08-16,Parsi New Year (Shahenshahi),public,holidays-lib
2023-08-20,Vinayaka Chathurthi,festival,google-ics
2023-08-30,Raksha Bandhan,festival,holidays-lib; google-ics
2023-09-06,Janmashtami (Smarta),festival,holidays-lib; google-ics
2023-09-07,Janmashtami (Vaishnava); Janmashtami,public,holidays-lib; google-ics
2023-09-19,Ganesh Chaturthi,festival,google-ics
2023-09-19,Ganesh Chaturthi,public,holidays-lib
2023-09-28,Milad-un-Nabi; Milad un-Nabi,public,holidays-lib; google-ics
2023-10-02,Mahatma Gandhi's Jayanti; Mahatma Gandhi Jayanti,public,holidays-lib; google-ics
2023-10-15,First Day of Sharad Navratri,festival,google-ics
2023-10-21,Dussehra (Saptami),festival,holidays-lib
2023-10-22,Dussehra (Mahashtami); Maha Ashtami,festival,holidays-lib; google-ics
2023-10-23,Dussehra (Mahanavami); Maha Navami,festival,holidays-lib; google-ics
2023-10-24,Dussehra,public,holidays-lib; google-ics
2023-10-28,Maharshi Valmiki's Jayanti; Maharishi Valmiki Jayanti,festival,holidays-lib; google-ics
2023-11-12,Naraka Chaturdashi; Naraka Chaturdasi,festival,holidays-lib; google-ics
2023-11-12,Diwali (Deepavali); Diwali/Deepavali,public,holidays-lib; google-ics
2023-11-13,Govardhan Puja,festival,holidays-lib; google-ics
2023-11-13,closure near Diwali (Deepavali) / Naraka Chaturdashi / Naraka Chaturdasi / Diwali/Deepavali / Diwali (Bali Pratipada) / Govardhan Puja / Bhai Duj,mandi_closure,history_mh: 49 mkts vs ~185
2023-11-13,Diwali (Bali Pratipada),public,holidays-lib
2023-11-14,Bhai Duj,festival,holidays-lib
2023-11-14,closure near Diwali (Deepavali) / Naraka Chaturdashi / Naraka Chaturdasi / Diwali/Deepavali / Diwali (Bali Pratipada) / Govardhan Puja / Bhai Duj,mandi_closure,history_mh: 59 mkts vs ~182
2023-11-15,Bhai Duj,festival,google-ics
2023-11-27,Guru Nanak's Jayanti; Guru Nanak Jayanti,public,holidays-lib; google-ics
2023-12-25,Christmas,public,holidays-lib; google-ics
2024-01-01,New Year's Day,festival,holidays-lib; google-ics
2024-01-14,Makar Sankranti,festival,holidays-lib; google-ics
2024-01-26,closure near Republic Day,mandi_closure,history_mh: 47 mkts vs ~181
2024-01-26,Republic Day,public,holidays-lib; google-ics
2024-02-14,Vasant Panchami,festival,google-ics
2024-02-19,Shivaji's Jayanti; Shivaji Jayanti,festival,holidays-lib; google-ics
2024-02-19,Chhatrapati Shivaji Maharaj's Jayanti,public,holidays-lib
2024-03-08,Maha Shivaratri,festival,holidays-lib; google-ics
2024-03-24,Holika Dahan; Holika Dahana,festival,holidays-lib; google-ics
2024-03-25,closure near Holika Dahan / Holika Dahana / Holi,mandi_closure,history_mh: 47 mkts vs ~143
2024-03-25,Holi,public,holidays-lib; google-ics
2024-03-29,Good Friday,public,holidays-lib; google-ics
2024-04-09,Gudi Padwa,festival,holidays-lib; google-ics
2024-04-09,closure near Gudi Padwa / Id-ul-Fitr / Ramzan Id,mandi_closure,history_mh: 22 mkts vs ~165
2024-04-09,Gudi Padwa,public,holidays-lib
2024-04-10,closure near Gudi Padwa / Id-ul-Fitr / Ramzan Id,mandi_closure,history_mh: 0 mkts vs ~167
2024-04-11,closure near Gudi Padwa / Id-ul-Fitr / Ramzan Id,mandi_closure,history_mh: 0 mkts vs ~159
2024-04-11,Id-ul-Fitr; Ramzan Id,public,holidays-lib; google-ics
2024-04-12,closure near Id-ul-Fitr / Ramzan Id / Dr. B. R. Ambedkar's Jayanti / Ambedkar Jayanti,mandi_closure,history_mh: 15 mkts vs ~140
2024-04-14,closure near Dr. B. R. Ambedkar's Jayanti / Ambedkar Jayanti,mandi_closure,history_mh: 14 mkts vs ~56
2024-04-14,Dr. B. R. Ambedkar's Jayanti; Ambedkar Jayanti,public,holidays-lib; google-ics
2024-04-16,closure near Dr. B. R. Ambedkar's Jayanti / Ambedkar Jayanti / Ram Navami / Rama Navami,mandi_closure,history_mh: 17 mkts vs ~165
2024-04-17,closure near Ram Navami / Rama Navami,mandi_closure,history_mh: 4 mkts vs ~167
2024-04-17,Ram Navami; Rama Navami,public,holidays-lib; google-ics
2024-04-18,closure near Ram Navami / Rama Navami,mandi_closure,history_mh: 8 mkts vs ~159
2024-04-20,closure near Mahavir Jayanti,mandi_closure,history_mh: 45 mkts vs ~141
2024-04-21,Mahavir Jayanti,public,holidays-lib; google-ics
2024-04-23,closure near Mahavir Jayanti,mandi_closure,history_mh: 55 mkts vs ~165
2024-05-01,closure near Maharashtra Day,mandi_closure,history_mh: 50 mkts vs ~155
2024-05-01,Maharashtra Day,public,holidays-lib
2024-05-23,Buddha Purnima,public,holidays-lib; google-ics
2024-06-17,closure near Id-ul-Zuha (Bakrid) / Bakrid,mandi_closure,history_mh: 36 mkts vs ~169
2024-06-17,Id-ul-Zuha (Bakrid); Bakrid,public,holidays-lib; google-ics
2024-07-17,closure near Muharram / Muharram/Ashura,mandi_closure,history_mh: 54 mkts vs ~161
2024-07-17,Muharram; Muharram/Ashura,public,holidays-lib; google-ics
2024-08-15,Parsi New Year,festival,holidays-lib; google-ics
2024-08-15,closure near Independence Day / Parsi New Year (Shahenshahi) / Parsi New Year,mandi_closure,history_mh: 18 mkts vs ~174
2024-08-15,Independence Day; Parsi New Year (Shahenshahi),public,holidays-lib; google-ics
2024-08-19,Raksha Bandhan,festival,holidays-lib; google-ics
2024-08-26,Janmashtami (Smarta),festival,google-ics
2024-08-26,Janmashtami (Vaishnava); Janmashtami,public,holidays-lib; google-ics
2024-09-07,Ganesh Chaturthi,festival,google-ics
2024-09-07,Ganesh Chaturthi,public,holidays-lib
2024-09-16,Milad-un-Nabi; Milad un-Nabi,public,holidays-lib; google-ics
2024-10-02,Mahatma Gandhi's Jayanti; Mahatma Gandhi Jayanti,public,holidays-lib; google-ics
2024-10-03,First Day of Sharad Navratri,festival,google-ics
2024-10-08,closure near Dussehra (Saptami),mandi_closure,history_mh: 0 mkts vs ~172
2024-10-10,Dussehra (Saptami),festival,holidays-lib
2024-10-11,Dussehra (Mahanavami); Dussehra (Mahashtami); Maha Ashtami; Maha Navami,festival,holidays-lib; google-ics
2024-10-12,Dussehra,public,holidays-lib; google-ics
2024-10-17,Maharshi Valmiki's Jayanti; Maharishi Valmiki Jayanti,festival,holidays-lib; google-ics
2024-10-31,Naraka Chaturdashi; Naraka Chaturdasi,festival,holidays-lib; google-ics
2024-10-31,closure near Diwali (Deepavali) / Naraka Chaturdashi / Diwali/Deepavali / Naraka Chaturdasi / Diwali (Bali Pratipada) / Govardhan Puja,mandi_closure,history_mh: 38 mkts vs ~200
2024-10-31,Diwali (Deepavali); Diwali/Deepavali,public,holidays-lib; google-ics
2024-11-01,closure near Diwali (Deepavali) / Naraka Chaturdashi / Diwali/Deepavali / Naraka Chaturdasi / Diwali (Bali Pratipada) / Govardhan Puja / Bhai Duj,mandi_closure,history_mh: 51 mkts vs ~208
2024-11-02,Govardhan Puja,festival,holidays-lib; google-ics
2024-11-02,Diwali (Bali Pratipada),public,holidays-lib
2024-11-03,Bhai Duj,festival,holidays-lib; google-ics
2024-11-15,Guru Nanak's Jayanti; Guru Nanak Jayanti,public,holidays-lib; google-ics
2024-12-25,closure near Christmas,mandi_closure,history_mh: 74 mkts vs ~212
2024-12-25,Christmas,public,holidays-lib; google-ics
2025-01-01,New Year's Day,festival,holidays-lib; google-ics
2025-01-14,Makar Sankranti,festival,holidays-lib; google-ics
2025-01-26,Republic Day,public,holidays-lib; google-ics
2025-02-02,Vasant Panchami,festival,google-ics
2025-02-19,Shivaji's Jayanti; Shivaji Jayanti,festival,holidays-lib; google-ics
2025-02-19,Chhatrapati Shivaji Maharaj's Jayanti,public,holidays-lib
2025-02-26,Maha Shivaratri,public,holidays-lib; google-ics
2025-03-13,Holika Dahan; Holika Dahana,festival,holidays-lib; google-ics
2025-03-14,closure near Holika Dahan / Holika Dahana / Holi,mandi_closure,history_mh: 57 mkts vs ~221
2025-03-14,Holi,public,holidays-lib; google-ics
2025-03-30,Gudi Padwa,festival,holidays-lib; google-ics
2025-03-30,Gudi Padwa,public,holidays-lib
2025-03-31,closure near Gudi Padwa / Id-ul-Fitr / Ramzan Id,mandi_closure,history_mh: 65 mkts vs ~204
2025-03-31,Id-ul-Fitr; Ramzan Id,public,holidays-lib; google-ics
2025-04-06,Ram Navami; Rama Navami,festival,holidays-lib; google-ics
2025-04-10,Mahavir Jayanti,public,holidays-lib; google-ics
2025-04-14,Ambedkar Jayanti,festival,google-ics
2025-04-14,Dr. B. R. Ambedkar's Jayanti,public,holidays-lib
2025-04-18,Good Friday,public,holidays-lib; google-ics
2025-05-01,closure near Maharashtra Day,mandi_closure,history_mh: 59 mkts vs ~185
2025-05-01,Maharashtra Day,public,holidays-lib
2025-05-12,Buddha Purnima,public,holidays-lib; google-ics
2025-05-14,closure near Buddha Purnima,mandi_closure,history_mh: 0 mkts vs ~186
2025-06-07,Id-ul-Zuha (Bakrid); Bakrid,public,holidays-lib; google-ics
2025-07-06,Muharram; Muharram/Ashura,public,holidays-lib; google-ics
2025-08-09,Raksha Bandhan,festival,holidays-lib; google-ics
2025-08-09,closure near Raksha Bandhan,mandi_closure,history_mh: 33 mkts vs ~100
2025-08-15,Janmashtami (Smarta); Parsi New Year,festival,holidays-lib; google-ics
2025-08-15,Independence Day; Parsi New Year (Shahenshahi),public,holidays-lib; google-ics
2025-08-16,Janmashtami (Vaishnava); Janmashtami,public,holidays-lib; google-ics
2025-08-27,Ganesh Chaturthi,festival,google-ics
2025-08-27,Ganesh Chaturthi,public,holidays-lib
2025-09-05,Milad-un-Nabi; Milad un-Nabi,public,holidays-lib; google-ics
2025-09-22,First Day of Sharad Navratri,festival,google-ics
2025-09-29,Dussehra (Saptami),festival,holidays-lib
2025-09-30,Dussehra (Mahashtami); Maha Ashtami,festival,holidays-lib; google-ics
2025-10-01,Dussehra (Mahanavami); Maha Navami,festival,holidays-lib; google-ics
2025-10-02,Dussehra; Mahatma Gandhi's Jayanti; Mahatma Gandhi Jayanti,public,holidays-lib; google-ics
2025-10-07,Maharshi Valmiki's Jayanti; Maharishi Valmiki Jayanti,festival,holidays-lib; google-ics
2025-10-20,Naraka Chaturdashi; Naraka Chaturdasi,festival,holidays-lib; google-ics
2025-10-20,closure near Diwali (Deepavali) / Naraka Chaturdashi / Diwali/Deepavali / Naraka Chaturdasi / Diwali (Bali Pratipada) / Govardhan Puja,mandi_closure,history_mh: 16 mkts vs ~134
2025-10-20,Diwali (Deepavali); Diwali/Deepavali,public,holidays-lib; google-ics
2025-10-21,closure near Diwali (Deepavali) / Naraka Chaturdashi / Diwali/Deepavali / Naraka Chaturdasi / Diwali (Bali Pratipada) / Govardhan Puja / Bhai Duj,mandi_closure,history_mh: 17 mkts vs ~149
2025-10-22,Govardhan Puja,festival,holidays-lib; google-ics
2025-10-22,closure near Diwali (Deepavali) / Naraka Chaturdashi / Diwali/Deepavali / Naraka Chaturdasi / Diwali (Bali Pratipada) / Govardhan Puja / Bhai Duj,mandi_closure,history_mh: 23 mkts vs ~118
2025-10-22,Diwali (Bali Pratipada),public,holidays-lib
2025-10-23,Bhai Duj,festival,holidays-lib; google-ics
2025-10-25,closure near Bhai Duj,mandi_closure,history_mh: 0 mkts vs ~54
2025-11-05,closure near Guru Nanak's Jayanti / Guru Nanak Jayanti,mandi_closure,history_mh: 0 mkts vs ~23
2025-11-05,Guru Nanak's Jayanti; Guru Nanak Jayanti,public,holidays-lib; google-ics
2025-11-06,closure near Guru Nanak's Jayanti / Guru Nanak Jayanti,mandi_closure,history_mh: 0 mkts vs ~43
2025-11-07,closure near Guru Nanak's Jayanti / Guru Nanak Jayanti,mandi_closure,history_mh: 0 mkts vs ~32
2025-12-25,Christmas,public,holidays-lib; google-ics
2026-01-01,New Year's Day,festival,holidays-lib; google-ics
2026-01-14,Makar Sankranti,festival,holidays-lib; google-ics
2026-01-23,Vasant Panchami,festival,google-ics
2026-01-26,Republic Day,public,holidays-lib; google-ics
2026-02-15,Maha Shivaratri,festival,holidays-lib; google-ics
2026-02-19,Shivaji's Jayanti; Shivaji Jayanti,festival,holidays-lib; google-ics
2026-02-19,Chhatrapati Shivaji Maharaj's Jayanti,public,holidays-lib
2026-03-03,Holika Dahan; Holika Dahana,festival,holidays-lib; google-ics
2026-03-03,Holi,public,holidays-lib
2026-03-04,Holi,public,google-ics
2026-03-19,Gudi Padwa,festival,holidays-lib; google-ics
2026-03-19,Gudi Padwa,public,holidays-lib
2026-03-21,Id-ul-Fitr; Ramzan Id,public,holidays-lib; google-ics
2026-03-26,Ram Navami; Rama Navami,public,holidays-lib; google-ics
2026-03-31,Mahavir Jayanti,public,holidays-lib; google-ics
2026-04-03,Good Friday,public,holidays-lib; google-ics
2026-04-14,Dr. B. R. Ambedkar's Jayanti; Ambedkar Jayanti,public,holidays-lib; google-ics
2026-05-01,Buddha Purnima; Maharashtra Day,public,holidays-lib; google-ics
2026-05-27,Id-ul-Zuha (Bakrid),public,holidays-lib
2026-05-28,Bakrid,public,google-ics
2026-06-26,Muharram; Muharram/Ashura,public,holidays-lib; google-ics
2026-08-15,Parsi New Year,festival,holidays-lib; google-ics
2026-08-15,Independence Day; Parsi New Year (Shahenshahi),public,holidays-lib; google-ics
2026-08-26,Milad-un-Nabi; Milad un-Nabi,public,holidays-lib; google-ics
2026-08-28,Raksha Bandhan,festival,holidays-lib; google-ics
2026-09-04,Janmashtami (Smarta),festival,google-ics
2026-09-04,Janmashtami (Vaishnava); Janmashtami,public,holidays-lib; google-ics
2026-09-14,Ganesh Chaturthi,festival,google-ics
2026-09-14,Ganesh Chaturthi,public,holidays-lib
2026-10-02,Mahatma Gandhi's Jayanti; Mahatma Gandhi Jayanti,public,holidays-lib; google-ics
2026-10-11,First Day of Sharad Navratri,festival,google-ics
2026-10-18,Dussehra (Saptami),festival,holidays-lib
2026-10-19,Dussehra (Mahanavami); Dussehra (Mahashtami); Maha Ashtami,festival,holidays-lib; google-ics
2026-10-20,Dussehra,public,holidays-lib; google-ics
2026-10-26,Maharshi Valmiki's Jayanti; Maharishi Valmiki Jayanti,festival,holidays-lib; google-ics
2026-11-08,Naraka Chaturdashi; Naraka Chaturdasi,festival,holidays-lib; google-ics
2026-11-08,Diwali (Deepavali); Diwali/Deepavali,public,holidays-lib; google-ics
2026-11-09,Govardhan Puja,festival,google-ics
2026-11-10,Govardhan Puja,festival,holidays-lib
2026-11-10,Diwali (Bali Pratipada),public,holidays-lib
2026-11-11,Bhai Duj,festival,holidays-lib; google-ics
2026-11-24,Guru Nanak's Jayanti; Guru Nanak Jayanti,public,holidays-lib; google-ics
2026-12-25,Christmas,public,holidays-lib; google-ics
2027-01-01,New Year's Day,festival,holidays-lib; google-ics
2027-01-14,Makar Sankranti,festival,google-ics
2027-01-15,Makar Sankranti,festival,holidays-lib
2027-01-26,Republic Day,public,holidays-lib; google-ics
2027-02-11,Vasant Panchami,festival,google-ics
2027-02-19,Shivaji's Jayanti; Shivaji Jayanti,festival,holidays-lib; google-ics
2027-02-19,Chhatrapati Shivaji Maharaj's Jayanti,public,holidays-lib
2027-03-06,Maha Shivaratri,festival,google-ics
2027-03-06,Maha Shivaratri,public,holidays-lib
2027-03-10,Id-ul-Fitr (estimated); Ramzan Id (tentative),public,holidays-lib; google-ics
2027-03-21,Holika Dahan,festival,holidays-lib
2027-03-22,Holika Dahana,festival,google-ics
2027-03-22,Holi,public,holidays-lib; google-ics
2027-03-26,Good Friday,public,holidays-lib; google-ics
2027-04-07,Gudi Padwa,festival,holidays-lib; google-ics
2027-04-07,Gudi Padwa,public,holidays-lib
2027-04-14,Ambedkar Jayanti,festival,google-ics
2027-04-14,Dr. B. R. Ambedkar's Jayanti,public,holidays-lib
2027-04-15,Ram Navami; Rama Navami,public,holidays-lib; google-ics
2027-04-18,Mahavir Jayanti,public,holidays-lib
2027-04-19,Mahavir Jayanti,public,google-ics
2027-05-01,Maharashtra Day,public,holidays-lib
2027-05-17,Id-ul-Zuha (Bakrid) (estimated); Bakrid (tentative),public,holidays-lib; google-ics
2027-05-20,Buddha Purnima,public,holidays-lib; google-ics
2027-06-16,Muharram (estimated); Muharram/Ashura (tentative),public,holidays-lib; google-ics
2027-08-15,Parsi New Year,festival,holidays-lib; google-ics
2027-08-15,Independence Day; Milad-un-Nabi (estimated); Parsi New Year (Shahenshahi); Milad un-Nabi (tentative),public,holidays-lib; google-ics
2027-08-17,Raksha Bandhan,festival,holidays-lib; google-ics
2027-08-25,Janmashtami (Smarta),festival,google-ics
2027-08-25,Janmashtami (Vaishnava); Janmashtami,public,holidays-lib; google-ics
2027-09-04,Ganesh Chaturthi,festival,google-ics
2027-09-04,Ganesh Chaturthi,public,holidays-lib
2027-09-30,First Day of Sharad Navratri,festival,google-ics
2027-10-02,Mahatma Gandhi's Jayanti; Mahatma Gandhi Jayanti,public,holidays-lib; google-ics
2027-10-06,Dussehra (Saptami),festival,holidays-lib
2027-10-07,Dussehra (Mahashtami); Maha Ashtami,festival,holidays-lib; google-ics
2027-10-08,Dussehra (Mahanavami); Maha Navami,festival,holidays-lib; google-ics
2027-10-09,Dussehra,public,holidays-lib; google-ics
2027-10-15,Maharshi Valmiki's Jayanti; Maharishi Valmiki Jayanti,festival,holidays-lib; google-ics
2027-10-28,Naraka Chaturdashi; Naraka Chaturdasi,festival,holidays-lib; google-ics
2027-10-29,Diwali (Deepavali); Diwali/Deepavali,public,holidays-lib; google-ics
2027-10-30,Govardhan Puja,festival,holidays-lib; google-ics
2027-10-30,Diwali (Bali Pratipada),public,holidays-lib
2027-10-31,Bhai Duj,festival,holidays-lib; google-ics
2027-11-14,Guru Nanak's Jayanti; Guru Nanak Jayanti,public,holidays-lib; google-ics
2027-12-25,Christmas,public,holidays-lib; google-ics
