season,marketing_year,commodity,msp_rs_qtl,announced_date,source_url,verified
kharif,2019-20,Paddy (Dhan)(Common),1815,2019-07-03,https://www.pib.gov.in/PressReleasePage.aspx?PRID=1576844,true
kharif,2019-20,Jowar (Sorghum),2550,2019-07-03,https://www.pib.gov.in/PressReleasePage.aspx?PRID=1576844,true
kharif,2019-20,Bajra (Pearl Millet/Cumbu),2000,2019-07-03,https://www.pib.gov.in/PressReleasePage.aspx?PRID=1576844,true
kharif,2019-20,Maize,1760,2019-07-03,https://www.pib.gov.in/PressReleasePage.aspx?PRID=1576844,true
kharif,2019-20,Arhar (Tur/Red Gram)(Whole),5800,2019-07-03,https://www.pib.gov.in/PressReleasePage.aspx?PRID=1576844,true
kharif,2019-20,Green Gram (Moong)(Whole),7050,2019-07-03,https://www.pib.gov.in/PressReleasePage.aspx?PRID=1576844,true
kharif,2019-20,Black Gram (Urd Beans)(Whole),5700,2019-07-03,https://www.pib.gov.in/PressReleasePage.aspx?PRID=1576844,true
kharif,2019-20,Groundnut,5090,2019-07-03,https://www.pib.gov.in/PressReleasePage.aspx?PRID=1576844,true
kharif,2019-20,Soyabean,3710,2019-07-03,https://www.pib.gov.in/PressReleasePage.aspx?PRID=1576844,true
kharif,2019-20,Cotton,5255,2019-07-03,https://www.pib.gov.in/PressReleasePage.aspx?PRID=1576844,true
kharif,2020-21,Paddy (Dhan)(Common),1868,2020-06-01,https://www.pib.gov.in/PressReleasePage.aspx?PRID=1628348,true
kharif,2020-21,Jowar (Sorghum),2620,2020-06-01,https://www.pib.gov.in/PressReleasePage.aspx?PRID=1628348,true
kharif,2020-21,Bajra (Pearl Millet/Cumbu),2150,2020-06-01,https://www.pib.gov.in/PressReleasePage.aspx?PRID=1628348,true
kharif,2020-21,Maize,1850,2020-06-01,https://www.pib.gov.in/PressReleasePage.aspx?PRID=1628348,true
kharif,2020-21,Arhar (Tur/Red Gram)(Whole),6000,2020-06-01,https://www.pib.gov.in/PressReleasePage.aspx?PRID=1628348,true
kharif,2020-21,Green Gram (Moong)(Whole),7196,2020-06-01,https://www.pib.gov.in/PressReleasePage.aspx?PRID=1628348,true
kharif,2020-21,Black Gram (Urd Beans)(Whole),6000,2020-06-01,https://www.pib.gov.in/PressReleasePage.aspx?PRID=1628348,true
kharif,2020-21,Groundnut,5275,2020-06-01,https://www.pib.gov.in/PressReleasePage.aspx?PRID=1628348,true
kharif,2020-21,Soyabean,3880,2020-06-01,https://www.pib.gov.in/PressReleasePage.aspx?PRID=1628348,true
kharif,2020-21,Cotton,5515,2020-06-01,https://www.pib.gov.in/PressReleasePage.aspx?PRID=1628348,true
kharif,2021-22,Paddy (Dhan)(Common),1940,2021-06-09,https://www.pib.gov.in/PressReleasePage.aspx?PRID=1725612,true
kharif,2021-22,Jowar (Sorghum),2738,2021-06-09,https://www.pib.gov.in/PressReleasePage.aspx?PRID=1725612,true
kharif,2021-22,Bajra (Pearl Millet/Cumbu),2250,2021-06-09,https://www.pib.gov.in/PressReleasePage.aspx?PRID=1725612,true
kharif,2021-22,Maize,1870,2021-06-09,https://www.pib.gov.in/PressReleasePage.aspx?PRID=1725612,true
kharif,2021-22,Arhar (Tur/Red Gram)(Whole),6300,2021-06-09,https://www.pib.gov.in/PressReleasePage.aspx?PRID=1725612,true
kharif,2021-22,Green Gram (Moong)(Whole),7275,2021-06-09,https://www.pib.gov.in/PressReleasePage.aspx?PRID=1725612,true
kharif,2021-22,Black Gram (Urd Beans)(Whole),6300,2021-06-09,https://www.pib.gov.in/PressReleasePage.aspx?PRID=1725612,true
kharif,2021-22,Groundnut,5550,2021-06-09,https://www.pib.gov.in/PressReleasePage.aspx?PRID=1725612,true
kharif,2021-22,Soyabean,3950,2021-06-09,https://www.pib.gov.in/PressReleasePage.aspx?PRID=1725612,true
kharif,2021-22,Cotton,5726,2021-06-09,https://www.pib.gov.in/PressReleasePage.aspx?PRID=1725612,true
kharif,2022-23,Paddy (Dhan)(Common),2040,2022-06-08,https://www.pib.gov.in/PressReleasePage.aspx?PRID=1832172,true
kharif,2022-23,Jowar (Sorghum),2970,2022-06-08,https://www.pib.gov.in/PressReleasePage.aspx?PRID=1832172,true
kharif,2022-23,Bajra (Pearl Millet/Cumbu),2350,2022-06-08,https://www.pib.gov.in/PressReleasePage.aspx?PRID=1832172,true
kharif,2022-23,Maize,1962,2022-06-08,https://www.pib.gov.in/PressReleasePage.aspx?PRID=1832172,true
kharif,2022-23,Arhar (Tur/Red Gram)(Whole),6600,2022-06-08,https://www.pib.gov.in/PressReleasePage.aspx?PRID=1832172,true
kharif,2022-23,Green Gram (Moong)(Whole),7755,2022-06-08,https://www.pib.gov.in/PressReleasePage.aspx?PRID=1832172,true
kharif,2022-23,Black Gram (Urd Beans)(Whole),6600,2022-06-08,https://www.pib.gov.in/PressReleasePage.aspx?PRID=1832172,true
kharif,2022-23,Groundnut,5850,2022-06-08,https://www.pib.gov.in/PressReleasePage.aspx?PRID=1832172,true
kharif,2022-23,Soyabean,4300,2022-06-08,https://www.pib.gov.in/PressReleasePage.aspx?PRID=1832172,true
kharif,2022-23,Cotton,6080,2022-06-08,https://www.pib.gov.in/PressReleasePage.aspx?PRID=1832172,true
kharif,2023-24,Paddy (Dhan)(Common),2183,2023-06-07,https://www.pib.gov.in/PressReleasePage.aspx?PRID=1930443&reg=48&lang=2,true
kharif,2023-24,Jowar (Sorghum),3180,2023-06-07,https://www.pib.gov.in/PressReleasePage.aspx?PRID=1930443&reg=48&lang=2,true
kharif,2023-24,Bajra (Pearl Millet/Cumbu),2500,2023-06-07,https://www.pib.gov.in/PressReleasePage.aspx?PRID=1930443&reg=48&lang=2,true
kharif,2023-24,Maize,2090,2023-06-07,https://www.pib.gov.in/PressReleasePage.aspx?PRID=1930443&reg=48&lang=2,true
kharif,2023-24,Arhar (Tur/Red Gram)(Whole),7000,2023-06-07,https://www.pib.gov.in/PressReleasePage.aspx?PRID=1930443&reg=48&lang=2,true
kharif,2023-24,Green Gram (Moong)(Whole),8558,2023-06-07,https://www.pib.gov.in/PressReleasePage.aspx?PRID=1930443&reg=48&lang=2,true
kharif,2023-24,Black Gram (Urd Beans)(Whole),6950,2023-06-07,https://www.pib.gov.in/PressReleasePage.aspx?PRID=1930443&reg=48&lang=2,true
kharif,2023-24,Groundnut,6377,2023-06-07,https://www.pib.gov.in/PressReleasePage.aspx?PRID=1930443&reg=48&lang=2,true
kharif,2023-24,Soyabean,4600,2023-06-07,https://www.pib.gov.in/PressReleasePage.aspx?PRID=1930443&reg=48&lang=2,true
kharif,2023-24,Cotton,6620,2023-06-07,https://www.pib.gov.in/PressReleasePage.aspx?PRID=1930443&reg=48&lang=2,true
kharif,2024-25,Paddy (Dhan)(Common),2300,2024-06-19,https://www.pib.gov.in/PressReleasePage.aspx?PRID=2026698,true
kharif,2024-25,Jowar (Sorghum),3371,2024-06-19,https://www.pib.gov.in/PressReleasePage.aspx?PRID=2026698,true
kharif,2024-25,Bajra (Pearl Millet/Cumbu),2625,2024-06-19,https://www.pib.gov.in/PressReleasePage.aspx?PRID=2026698,true
kharif,2024-25,Maize,2225,2024-06-19,https://www.pib.gov.in/PressReleasePage.aspx?PRID=2026698,true
kharif,2024-25,Arhar (Tur/Red Gram)(Whole),7550,2024-06-19,https://www.pib.gov.in/PressReleasePage.aspx?PRID=2026698,true
kharif,2024-25,Green Gram (Moong)(Whole),8682,2024-06-19,https://www.pib.gov.in/PressReleasePage.aspx?PRID=2026698,true
kharif,2024-25,Black Gram (Urd Beans)(Whole),7400,2024-06-19,https://www.pib.gov.in/PressReleasePage.aspx?PRID=2026698,true
kharif,2024-25,Groundnut,6783,2024-06-19,https://www.pib.gov.in/PressReleasePage.aspx?PRID=2026698,true
kharif,2024-25,Soyabean,4892,2024-06-19,https://www.pib.gov.in/PressReleasePage.aspx?PRID=2026698,true
kharif,2024-25,Cotton,7121,2024-06-19,https://www.pib.gov.in/PressReleasePage.aspx?PRID=2026698,true
kharif,2025-26,Paddy (Dhan)(Common),2369,2025-05-28,https://www.pib.gov.in/PressReleasePage.aspx?PRID=2131983&reg=48&lang=2,true
kharif,2025-26,Jowar (Sorghum),3699,2025-05-28,https://www.pib.gov.in/PressReleasePage.aspx?PRID=2131983&reg=48&lang=2,true
kharif,2025-26,Bajra (Pearl Millet/Cumbu),2775,2025-05-28,https://www.pib.gov.in/PressReleasePage.aspx?PRID=2131983&reg=48&lang=2,true
kharif,2025-26,Maize,2400,2025-05-28,https://www.pib.gov.in/PressReleasePage.aspx?PRID=2131983&reg=48&lang=2,true
kharif,2025-26,Arhar (Tur/Red Gram)(Whole),8000,2025-05-28,https://www.pib.gov.in/PressReleasePage.aspx?PRID=2131983&reg=48&lang=2,true
kharif,2025-26,Green Gram (Moong)(Whole),8768,2025-05-28,https://www.pib.gov.in/PressReleasePage.aspx?PRID=2131983&reg=48&lang=2,true
kharif,2025-26,Black Gram (Urd Beans)(Whole),7800,2025-05-28,https://www.pib.gov.in/PressReleasePage.aspx?PRID=2131983&reg=48&lang=2,true
kharif,2025-26,Groundnut,7263,2025-05-28,https://www.pib.gov.in/PressReleasePage.aspx?PRID=2131983&reg=48&lang=2,true
kharif,2025-26,Soyabean,5328,2025-05-28,https://www.pib.gov.in/PressReleasePage.aspx?PRID=2131983&reg=48&lang=2,true
kharif,2025-26,Cotton,7710,2025-05-28,https://www.pib.gov.in/PressReleasePage.aspx?PRID=2131983&reg=48&lang=2,true
kharif,2026-27,Paddy (Dhan)(Common),2441,2026-05-13,https://www.pib.gov.in/PressReleasePage.aspx?PRID=2260617&reg=3&lang=1,true
kharif,2026-27,Jowar (Sorghum),4023,2026-05-13,https://www.pib.gov.in/PressReleasePage.aspx?PRID=2260617&reg=3&lang=1,true
kharif,2026-27,Bajra (Pearl Millet/Cumbu),2900,2026-05-13,https://www.pib.gov.in/PressReleasePage.aspx?PRID=2260617&reg=3&lang=1,true
kharif,2026-27,Maize,2410,2026-05-13,https://www.pib.gov.in/PressReleasePage.aspx?PRID=2260617&reg=3&lang=1,true
kharif,2026-27,Arhar (Tur/Red Gram)(Whole),8450,2026-05-13,https://www.pib.gov.in/PressReleasePage.aspx?PRID=2260617&reg=3&lang=1,true
kharif,2026-27,Green Gram (Moong)(Whole),8780,2026-05-13,https://www.pib.gov.in/PressReleasePage.aspx?PRID=2260617&reg=3&lang=1,true
kharif,2026-27,Black Gram (Urd Beans)(Whole),8200,2026-05-13,https://www.pib.gov.in/PressReleasePage.aspx?PRID=2260617&reg=3&lang=1,true
kharif,2026-27,Groundnut,7517,2026-05-13,https://www.pib.gov.in/PressReleasePage.aspx?PRID=2260617&reg=3&lang=1,true
kharif,2026-27,Soyabean,5708,2026-05-13,https://www.pib.gov.in/PressReleasePage.aspx?PRID=2260617&reg=3&lang=1,true
kharif,2026-27,Cotton,8267,2026-05-13,https://www.pib.gov.in/PressReleasePage.aspx?PRID=2260617&reg=3&lang=1,true
rabi,2019-20,Wheat,1840,2018-10-03,https://www.pib.gov.in/PressReleasePage.aspx?PRID=1548396&reg=48&lang=2,true
rabi,2019-20,Bengal Gram (Gram)(Whole),4620,2018-10-03,https://www.pib.gov.in/PressReleasePage.aspx?PRID=1548396&reg=48&lang=2,true
rabi,2019-20,Lentil (Masur)(Whole),4475,2018-10-03,https://www.pib.gov.in/PressReleasePage.aspx?PRID=1548396&reg=48&lang=2,true
rabi,2019-20,Mustard,4200,2018-10-03,https://www.pib.gov.in/PressReleasePage.aspx?PRID=1548396&reg=48&lang=2,true
rabi,2019-20,Safflower,4945,2018-10-03,https://www.pib.gov.in/PressReleasePage.aspx?PRID=1548396&reg=48&lang=2,true
rabi,2020-21,Wheat,1925,2019-10-23,https://www.pib.gov.in/newsite/PrintRelease.aspx?relid=193961&reg=48&lang=2,true
rabi,2020-21,Bengal Gram (Gram)(Whole),4875,2019-10-23,https://www.pib.gov.in/newsite/PrintRelease.aspx?relid=193961&reg=48&lang=2,true
rabi,2020-21,Lentil (Masur)(Whole),4800,2019-10-23,https://www.pib.gov.in/newsite/PrintRelease.aspx?relid=193961&reg=48&lang=2,true
rabi,2020-21,Mustard,4425,2019-10-23,https://www.pib.gov.in/newsite/PrintRelease.aspx?relid=193961&reg=48&lang=2,true
rabi,2020-21,Safflower,5215,2019-10-23,https://www.pib.gov.in/newsite/PrintRelease.aspx?relid=193961&reg=48&lang=2,true
rabi,2021-22,Wheat,1975,2020-09-21,https://www.pib.gov.in/PressReleasePage.aspx?PRID=1657426,true
rabi,2021-22,Bengal Gram (Gram)(Whole),5100,2020-09-21,https://www.pib.gov.in/PressReleasePage.aspx?PRID=1657426,true
rabi,2021-22,Lentil (Masur)(Whole),5100,2020-09-21,https://www.pib.gov.in/PressReleasePage.aspx?PRID=1657426,true
rabi,2021-22,Mustard,4650,2020-09-21,https://www.pib.gov.in/PressReleasePage.aspx?PRID=1657426,true
rabi,2021-22,Safflower,5327,2020-09-21,https://www.pib.gov.in/PressReleasePage.aspx?PRID=1657426,true
rabi,2022-23,Wheat,2015,2021-09-08,https://www.pib.gov.in/PressReleasePage.aspx?PRID=1753109,true
rabi,2022-23,Bengal Gram (Gram)(Whole),5230,2021-09-08,https://www.pib.gov.in/PressReleasePage.aspx?PRID=1753109,true
rabi,2022-23,Lentil (Masur)(Whole),5500,2021-09-08,https://www.pib.gov.in/PressReleasePage.aspx?PRID=1753109,true
rabi,2022-23,Mustard,5050,2021-09-08,https://www.pib.gov.in/PressReleasePage.aspx?PRID=1753109,true
rabi,2022-23,Safflower,5441,2021-09-08,https://www.pib.gov.in/PressReleasePage.aspx?PRID=1753109,true
rabi,2023-24,Wheat,2125,2022-10-18,https://www.pib.gov.in/PressReleasePage.aspx?PRID=1868761,true
rabi,2023-24,Bengal Gram (Gram)(Whole),5335,2022-10-18,https://www.pib.gov.in/PressReleasePage.aspx?PRID=1868761,true
rabi,2023-24,Lentil (Masur)(Whole),6000,2022-10-18,https://www.pib.gov.in/PressReleasePage.aspx?PRID=1868761,true
rabi,2023-24,Mustard,5450,2022-10-18,https://www.pib.gov.in/PressReleasePage.aspx?PRID=1868761,true
rabi,2023-24,Safflower,5650,2022-10-18,https://www.pib.gov.in/PressReleasePage.aspx?PRID=1868761,true
rabi,2024-25,Wheat,2275,2023-10-18,https://www.pib.gov.in/PressReleasePage.aspx?PRID=1968729,true
rabi,2024-25,Bengal Gram (Gram)(Whole),5440,2023-10-18,https://www.pib.gov.in/PressReleasePage.aspx?PRID=1968729,true
rabi,2024-25,Lentil (Masur)(Whole),6425,2023-10-18,https://www.pib.gov.in/PressReleasePage.aspx?PRID=1968729,true
rabi,2024-25,Mustard,5650,2023-10-18,https://www.pib.gov.in/PressReleasePage.aspx?PRID=1968729,true
rabi,2024-25,Safflower,5800,2023-10-18,https://www.pib.gov.in/PressReleasePage.aspx?PRID=1968729,true
rabi,2025-26,Wheat,2425,2024-10-16,https://www.pib.gov.in/PressReleasePage.aspx?PRID=2065310&reg=48&lang=2,true
rabi,2025-26,Bengal Gram (Gram)(Whole),5650,2024-10-16,https://www.pib.gov.in/PressReleasePage.aspx?PRID=2065310&reg=48&lang=2,true
rabi,2025-26,Lentil (Masur)(Whole),6700,2024-10-16,https://www.pib.gov.in/PressReleasePage.aspx?PRID=2065310&reg=48&lang=2,true
rabi,2025-26,Mustard,5950,2024-10-16,https://www.pib.gov.in/PressReleasePage.aspx?PRID=2065310&reg=48&lang=2,true
rabi,2025-26,Safflower,5940,2024-10-16,https://www.pib.gov.in/PressReleasePage.aspx?PRID=2065310&reg=48&lang=2,true
rabi,2026-27,Wheat,2585,2025-10-01,https://www.pib.gov.in/PressReleasePage.aspx?PRID=2173567,true
rabi,2026-27,Bengal Gram (Gram)(Whole),5875,2025-10-01,https://www.pib.gov.in/PressReleasePage.aspx?PRID=2173567,true
rabi,2026-27,Lentil (Masur)(Whole),7000,2025-10-01,https://www.pib.gov.in/PressReleasePage.aspx?PRID=2173567,true
rabi,2026-27,Mustard,6200,2025-10-01,https://www.pib.gov.in/PressReleasePage.aspx?PRID=2173567,true
rabi,2026-27,Safflower,6540,2025-10-01,https://www.pib.gov.in/PressReleasePage.aspx?PRID=2173567,true
rabi,2027-28,Wheat,2610,2026-09-30,https://www.business-standard.com/amp/economy/news/cabinet-rabi-msp-2027-28-wheat-safflower-mustard-126093000756_1.html,true
rabi,2027-28,Bengal Gram (Gram)(Whole),5958,2026-09-30,https://www.business-standard.com/amp/economy/news/cabinet-rabi-msp-2027-28-wheat-safflower-mustard-126093000756_1.html,true
rabi,2027-28,Lentil (Masur)(Whole),7390,2026-09-30,https://www.business-standard.com/amp/economy/news/cabinet-rabi-msp-2027-28-wheat-safflower-mustard-126093000756_1.html,true
rabi,2027-28,Mustard,6613,2026-09-30,https://www.business-standard.com/amp/economy/news/cabinet-rabi-msp-2027-28-wheat-safflower-mustard-126093000756_1.html,true
rabi,2027-28,Safflower,7215,2026-09-30,https://www.business-standard.com/amp/economy/news/cabinet-rabi-msp-2027-28-wheat-safflower-mustard-126093000756_1.html,true
