pin,lat,lon,district
400001,18.9474,72.8138,Mumbai
400002,18.9474,72.8138,Mumbai
400003,18.95,72.8333,Mumbai
400004,18.95,72.8167,Mumbai
400005,18.9069,72.8106,Mumbai
400006,18.9808,72.8338,Mumbai
400007,18.9636,72.8193,Mumbai
400008,18.9474,72.8138,Mumbai
400009,18.9474,72.8138,Mumbai
400010,18.9681,72.845,Mumbai
400011,18.9833,72.8333,Mumbai
400012,19.0,72.8333,Mumbai
400013,19.0073,72.8421,Mumbai
400014,19.0073,72.8421,Mumbai
400015,19.0,72.85,Mumbai
400016,19.0073,72.8421,Mumbai
400017,19.05,72.8667,Mumbai
400018,19.0167,72.8167,Mumbai
400019,19.0333,72.85,Mumbai
400020,18.986,72.8259,Mumbai
400021,18.9274,72.8241,Mumbai
400022,19.0333,72.85,Mumbai
400024,18.986,72.8259,Mumbai
400025,19.0164,72.8294,Mumbai
400026,18.9667,72.8,Mumbai
400027,18.986,72.8259,Mumbai
400028,18.986,72.8259,Mumbai
400029,18.986,72.8259,Mumbai
400030,19.0031,72.8456,Mumbai
400031,19.0167,72.85,Mumbai
400032,19.0031,72.8456,Mumbai
400033,18.9896,72.8411,Mumbai
400034,19.0031,72.8456,Mumbai
400035,19.0031,72.8456,Mumbai
400037,19.0031,72.8456,Mumbai
400042,18.9808,72.8338,Mumbai
400043,18.9808,72.8338,Mumbai
400049,18.9808,72.8338,Mumbai
400050,18.9808,72.8338,Mumbai
400051,18.9808,72.8338,Mumbai
400052,18.9808,72.8338,Mumbai
400053,18.9808,72.8338,Mumbai
400054,18.9808,72.8338,Mumbai
400055,18.9808,72.8338,Mumbai
400056,18.9808,72.8338,Mumbai
400057,18.9808,72.8338,Mumbai
400058,18.9808,72.8338,Mumbai
400059,18.9808,72.8338,Mumbai
400060,18.9808,72.8338,Mumbai
400061,18.9808,72.8338,Mumbai
400063,18.9808,72.8338,Mumbai
400064,18.9808,72.8338,Mumbai
400065,18.9808,72.8338,Mumbai
400066,18.9808,72.8338,Mumbai
400067,18.9808,72.8338,Mumbai
400068,18.9808,72.8338,Mumbai
400069,18.9808,72.8338,Mumbai
400070,18.9808,72.8338,Mumbai
400071,18.9808,72.8338,Mumbai
400072,18.9808,72.8338,Mumbai
400074,18.9808,72.8338,Mumbai
400075,18.9808,72.8338,Mumbai
400076,18.9808,72.8338,Mumbai
400077,18.9808,72.8338,Mumbai
400078,18.9808,72.8338,Mumbai
400079,18.9808,72.8338,Mumbai
400080,18.9808,72.8338,Mumbai
400081,18.9808,72.8338,Mumbai
400082,18.9808,72.8338,Mumbai
400083,18.9808,72.8338,Mumbai
400084,18.9808,72.8338,Mumbai
400085,18.9808,72.8338,Mumbai
400086,18.9808,72.8338,Mumbai
400087,18.9808,72.8338,Mumbai
400088,18.9808,72.8338,Mumbai
400089,18.9808,72.8338,Mumbai
400091,18.9808,72.8338,Mumbai
400092,18.9808,72.8338,Mumbai
400093,18.9808,72.8338,Mumbai
400094,18.9808,72.8338,Mumbai
400095,18.9808,72.8338,Mumbai
400096,18.9808,72.8338,Mumbai
400097,18.9808,72.8338,Mumbai
400098,18.9808,72.8338,Mumbai
400099,18.9808,72.8338,Mumbai
400101,18.9808,72.8338,Mumbai
400102,18.9808,72.8338,Mumbai
400103,18.9808,72.8338,Mumbai
400104,18.9944,72.8453,Mumbai
400601,19.1941,73.0002,Thane
400602,19.1941,73.0002,Thane
400603,19.1941,73.0002,Thane
400604,19.1941,73.0002,Thane
400605,19.1941,73.0002,Thane
400606,19.1941,73.0002,Thane
400607,19.1941,73.0002,Thane
400608,19.1941,73.0002,Thane
400610,19.1941,73.0002,Thane
400612,19.1941,73.0002,Thane
400614,19.1941,73.0002,Thane
400615,19.1941,73.0002,Thane
400701,19.1167,72.9833,Thane
400702,18.8975,72.9407,Raigarh(MH)
400703,19.0787,73.0005,Thane
400704,18.9086,72.9299,Raigarh(MH)
400706,19.36,73.3279,Thane
400707,18.9894,72.961,Raigarh(MH)
400708,19.151,72.9962,Thane
400709,19.36,73.3279,Thane
400710,19.36,73.3279,Thane
401101,19.4115,73.396,Thane
401102,19.36,73.3279,Thane
401103,19.3757,73.3235,Thane
401105,19.4115,73.396,Thane
401106,19.2771,72.8091,Thane
401107,19.2836,72.8675,Thane
401201,19.36,73.3279,Thane
401202,19.36,73.3279,Thane
401203,19.36,73.3279,Thane
401204,19.36,73.3279,Thane
401206,19.36,73.3279,Thane
401207,19.36,73.3279,Thane
401208,19.36,73.3279,Thane
401209,19.36,73.3279,Thane
401301,19.1991,73.4375,Thane
401302,19.36,73.3279,Thane
401303,19.36,73.3279,Thane
401304,19.36,73.3279,Thane
401305,19.3291,73.109,Thane
401401,19.36,73.3279,Thane
401402,19.36,73.3279,Thane
401403,19.36,73.3279,Thane
401404,19.36,73.3279,Thane
401405,19.36,73.3279,Thane
401501,19.36,73.3279,Thane
401502,19.36,73.3279,Thane
401503,19.36,73.3279,Thane
401504,19.36,73.3279,Thane
401506,19.36,73.3279,Thane
401601,19.36,73.3279,Thane
401602,19.36,73.3279,Thane
401603,19.3621,73.342,Thane
401604,19.36,73.3279,Thane
401605,19.36,73.3279,Thane
401606,19.5392,73.3163,Thane
401607,19.36,73.3279,Thane
401608,19.36,73.3279,Thane
401609,19.36,73.3279,Thane
401610,19.36,73.3279,Thane
401701,19.36,73.3279,Thane
401702,19.36,73.3279,Thane
401703,19.36,73.3279,Thane
402101,18.9742,73.7698,Raigarh(MH)
402102,17.8516,73.2615,Raigarh(MH)
402103,18.9742,73.7698,Raigarh(MH)
402104,18.9742,73.7698,Raigarh(MH)
402105,20.6071,75.35,Raigarh(MH)
402106,18.9742,73.7698,Raigarh(MH)
402107,18.8375,73.255,Raigarh(MH)
402108,19.4523,73.3257,Raigarh(MH)
402109,18.8156,73.8298,Raigarh(MH)
402110,18.6704,73.3791,Raigarh(MH)
402111,19.1183,73.6431,Raigarh(MH)
402112,18.3542,73.2313,Raigarh(MH)
402113,18.0908,72.9989,Raigarh(MH)
402114,18.6704,73.3791,Raigarh(MH)
402115,18.6704,73.3791,Raigarh(MH)
402116,18.6704,73.3791,Raigarh(MH)
402117,18.6704,73.3791,Raigarh(MH)
402120,19.9808,77.6997,Raigarh(MH)
402122,19.9808,77.6997,Raigarh(MH)
402125,19.9808,77.6997,Raigarh(MH)
402126,19.9808,77.6997,Raigarh(MH)
402201,18.8037,72.8873,Raigarh(MH)
402202,18.5352,72.9128,Raigarh(MH)
402203,19.9934,72.7481,Raigarh(MH)
402204,18.7497,72.9335,Raigarh(MH)
402207,18.8037,72.8873,Raigarh(MH)
402208,18.7404,72.8791,Raigarh(MH)
402209,18.6643,72.8914,Raigarh(MH)
402301,18.3484,73.1603,Raigarh(MH)
402302,16.8575,74.1864,Raigarh(MH)
402303,19.5072,75.8752,Raigarh(MH)
402304,18.3724,74.1239,Raigarh(MH)
402305,18.3724,74.1239,Raigarh(MH)
402306,18.3724,74.1239,Raigarh(MH)
402307,17.7425,73.2869,Raigarh(MH)
402308,19.0816,73.6771,Raigarh(MH)
402309,18.3923,74.1545,Raigarh(MH)
402401,18.3777,72.9339,Raigarh(MH)
402402,18.2517,72.9722,Raigarh(MH)
402403,18.2273,72.9598,Raigarh(MH)
402404,18.1733,72.9917,Raigarh(MH)
410101,18.9019,74.4062,Raigarh(MH)
410102,18.9828,73.2652,Raigarh(MH)
410201,20.3068,74.655,Raigarh(MH)
410202,18.8298,73.2836,Raigarh(MH)
410203,20.6919,75.4244,Raigarh(MH)
410204,19.576,74.6725,Raigarh(MH)
410205,19.5527,75.3952,Raigarh(MH)
410206,19.5495,74.7128,Raigarh(MH)
410207,18.8541,73.1296,Raigarh(MH)
410208,19.3669,73.1758,Raigarh(MH)
410210,19.0498,73.0702,Raigarh(MH)
410216,19.0498,73.0702,Raigarh(MH)
410218,19.0498,73.0702,Raigarh(MH)
410220,18.3667,72.9333,Raigarh(MH)
410221,18.3667,72.9333,Raigarh(MH)
410222,18.3667,72.9333,Raigarh(MH)
410301,18.7589,73.3694,Pune
410302,18.7589,73.3694,Pune
410401,18.7528,73.4057,Pune
410402,18.5716,74.07,Pune
410403,18.5716,74.07,Pune
410405,18.6192,73.9316,Pune
410406,18.5716,74.07,Pune
410501,18.5827,74.0579,Pune
410502,18.6282,74.0495,Pune
410503,19.0044,73.9435,Pune
410504,18.653,74.0607,Pune
410505,18.7006,73.6772,Pune
410506,18.6987,73.7632,Pune
410507,18.5716,74.07,Pune
410508,18.5716,74.07,Pune
410509,18.6441,74.0008,Pune
410510,18.5716,74.07,Pune
410511,18.5716,74.07,Pune
410512,18.6852,74.0866,Pune
410513,18.6592,74.0108,Pune
410515,18.7774,73.9822,Pune
410516,18.5716,74.07,Pune
411001,18.5372,73.8551,Pune
411002,18.5372,73.8551,Pune
411003,18.5635,73.852,Pune
411004,18.5148,73.8358,Pune
411005,18.5247,73.8471,Pune
411006,18.5459,73.8855,Pune
411007,18.5372,73.8551,Pune
411008,18.5372,73.8551,Pune
411009,18.5372,73.8551,Pune
411011,18.5732,73.8739,Pune
411012,18.5788,73.8263,Pune
411013,18.5732,73.8739,Pune
411014,18.5685,73.9158,Pune
411015,18.572,73.9431,Pune
411016,18.5732,73.8739,Pune
411017,18.5732,73.8739,Pune
411018,18.5732,73.8739,Pune
411019,18.5732,73.8739,Pune
411020,18.4769,74.3505,Pune
411021,18.5131,73.7825,Pune
411022,18.4769,74.3505,Pune
411023,18.4769,74.3505,Pune
411024,18.4769,74.3505,Pune
411025,18.5716,74.07,Pune
411026,18.4769,74.3505,Pune
411027,18.4769,74.3505,Pune
411028,18.5167,73.9167,Pune
411030,18.8199,75.0311,Pune
411031,18.5716,74.07,Pune
411032,18.8199,75.0311,Pune
411033,18.7814,74.9396,Pune
411034,18.5716,74.07,Pune
411035,18.6532,73.7896,Pune
411036,18.5348,73.9306,Pune
411037,18.8199,75.0311,Pune
411038,18.8199,75.0311,Pune
411039,18.5716,74.07,Pune
411040,18.5789,73.8532,Pune
411041,18.5789,73.8532,Pune
411042,18.5789,73.8532,Pune
411043,18.5789,73.8532,Pune
411044,18.5789,73.8532,Pune
411045,18.5586,73.7794,Pune
411046,18.5789,73.8532,Pune
411047,18.5992,73.927,Pune
411048,18.5789,73.8532,Pune
411051,18.6032,73.7626,Pune
411052,18.6032,73.7626,Pune
411057,18.6032,73.7626,Pune
411058,18.6032,73.7626,Pune
411060,18.735,74.2538,Pune
411061,18.5893,73.8128,Pune
411062,18.5716,74.07,Pune
411067,18.735,74.2538,Pune
411068,18.735,74.2538,Pune
412101,18.6586,74.3585,Pune
412102,18.6586,74.3585,Pune
412103,18.1296,74.3619,Pune
412104,18.534,74.0816,Pune
412105,18.6625,73.9232,Pune
412106,18.6477,74.3224,Pune
412107,18.5716,74.07,Pune
412108,18.5685,73.9875,Pune
412109,18.7185,73.7664,Pune
412110,18.5716,74.07,Pune
412112,18.5716,74.07,Pune
412115,18.6615,74.311,Pune
412201,18.4837,74.0265,Pune
412202,18.5716,74.07,Pune
412203,18.5414,74.1751,Pune
412204,18.2627,74.4223,Pune
412205,18.5716,74.07,Pune
412206,18.5125,74.0514,Pune
412207,18.662,74.26,Pune
412208,18.5976,74.0858,Pune
412209,18.7537,74.2443,Pune
412210,18.6059,74.1667,Pune
412211,18.6151,74.3102,Pune
412212,18.6852,74.3196,Pune
412213,18.6144,74.2571,Pune
412214,18.5598,74.0954,Pune
412215,18.5716,74.07,Pune
412216,18.6457,74.0591,Pune
412218,18.5764,74.2056,Pune
412219,18.544,74.1487,Pune
412220,18.7816,74.2987,Pune
412301,18.3504,74.4151,Pune
412303,18.4599,73.9907,Pune
412304,18.5796,74.4154,Pune
412305,18.5166,74.0818,Pune
412306,18.5035,74.2059,Pune
412307,18.5796,74.4154,Pune
412308,18.4643,73.9672,Pune
412311,18.5769,74.3003,Pune
412312,18.5796,74.4154,Pune
412401,18.6409,74.0053,Pune
412402,18.5716,74.07,Pune
412403,18.8307,74.0537,Pune
412404,18.9217,73.803,Pune
412405,19.1847,73.8803,Pune
412406,19.1847,73.8803,Pune
412408,18.6738,74.0272,Pune
412409,19.2373,73.9231,Pune
412410,18.6906,74.1027,Pune
412411,18.5716,74.07,Pune
412412,18.8167,74.0831,Pune
412801,17.7468,74.1409,Satara
412802,17.6891,74.1425,Satara
412803,17.6857,74.1525,Satara
412804,17.6661,74.1735,Satara
412805,17.7884,74.3102,Satara
412806,17.8512,74.3155,Satara
413001,17.792,75.4847,Solapur
413002,17.7568,75.6154,Solapur
413003,17.792,75.4847,Solapur
413004,17.792,75.4847,Solapur
413005,17.792,75.4847,Solapur
413006,17.6484,75.9936,Solapur
413007,17.792,75.4847,Solapur
413008,17.765,75.5298,Solapur
413101,18.1831,75.6177,Solapur
413102,18.547,74.0919,Pune
413103,18.5716,74.07,Pune
413104,19.0671,74.0973,Pune
413105,18.4918,74.2141,Pune
413106,18.5064,74.207,Pune
413107,17.8043,75.2405,Solapur
413108,17.792,75.4847,Solapur
413109,17.792,75.4847,Solapur
413110,18.5716,74.07,Pune
413111,17.792,75.4847,Solapur
413112,17.7578,75.7053,Solapur
413113,17.7919,75.4312,Solapur
413114,18.5209,74.1866,Pune
413115,18.5716,74.07,Pune
413116,18.5716,74.07,Pune
413118,17.792,75.4847,Solapur
413120,18.5716,74.07,Pune
413130,18.4121,74.515,Pune
413132,18.4292,74.4896,Pune
413133,18.4529,74.4197,Pune
413201,19.1298,74.7684,Ahmed Nagar
413202,17.8098,75.4685,Solapur
413203,17.9456,75.3777,Solapur
413204,18.9169,75.0494,Ahmed Nagar
413205,19.1366,74.7481,Ahmed Nagar
413206,17.792,75.4847,Solapur
413207,18.9648,75.7728,Beed
413208,17.9106,75.6208,Solapur
413209,17.8004,75.6083,Solapur
413210,17.8985,76.087,Solapur
413211,20.5388,74.7717,Solapur
413212,17.8985,76.087,Solapur
413213,18.2652,75.6934,Solapur
413214,17.8736,75.6408,Solapur
413215,17.8985,76.087,Solapur
413216,17.5333,76.184,Solapur
413217,17.4574,76.2932,Solapur
413218,17.6526,76.35,Solapur
413219,17.6514,75.6942,Solapur
413220,17.4447,76.1905,Solapur
413221,17.8896,75.5342,Solapur
413222,17.7933,75.5382,Solapur
413223,18.1714,75.274,Solapur
413224,17.792,75.4847,Solapur
413226,17.6387,76.1862,Solapur
413227,17.5374,76.128,Solapur
413228,17.5865,76.0774,Solapur
413229,18.9431,75.9425,Beed
413248,17.792,75.4847,Solapur
413249,19.0707,75.5602,Beed
413250,18.3187,75.1457,Solapur
413251,17.8704,75.4606,Solapur
413252,18.1617,75.4218,Solapur
413253,18.3187,75.1457,Solapur
413255,17.7468,75.7801,Solapur
413301,17.9302,75.366,Solapur
413302,17.866,75.2961,Solapur
413303,17.8439,75.4103,Solapur
413304,17.835,75.4903,Solapur
413305,17.7703,75.4818,Solapur
413306,17.8586,75.0494,Solapur
413307,17.5726,75.4079,Solapur
413308,17.792,75.4847,Solapur
413309,18.1297,75.6718,Solapur
413310,17.771,75.4967,Solapur
413314,18.1961,75.4188,Solapur
413315,18.1961,75.4188,Solapur
413317,17.7468,75.3651,Solapur
413319,17.9025,75.6511,Solapur
413322,17.3803,75.4389,Solapur
413324,17.815,75.4738,Solapur
413401,17.8418,75.5088,Solapur
413402,17.8454,75.5485,Solapur
413403,17.8617,75.5349,Solapur
413404,17.8477,75.5272,Solapur
413405,18.1896,76.0397,Osmanabad
413406,17.8373,75.5655,Solapur
413409,17.8739,75.5262,Solapur
413410,17.9901,75.6514,Solapur
413411,17.9901,75.6514,Solapur
413412,17.9901,75.6514,Solapur
413501,18.1896,76.0397,Osmanabad
413502,18.3364,75.8527,Latur
413503,18.1896,76.0397,Osmanabad
413504,18.2426,75.9725,Osmanabad
413505,18.2293,75.9402,Osmanabad
413506,18.1263,76.0572,Osmanabad
413507,18.2596,76.0316,Osmanabad
413508,18.1131,76.1458,Osmanabad
413509,18.2082,76.0679,Osmanabad
413510,18.3201,76.2489,Latur
413511,18.3829,76.446,Latur
413512,18.6024,76.5881,Latur
413513,18.3912,76.7757,Latur
413514,18.2233,76.171,Latur
413515,18.4698,76.7294,Latur
413516,18.1785,76.2801,Latur
413517,18.3593,76.6671,Latur
413518,18.3462,76.6214,Latur
413519,18.3558,76.8027,Latur
413520,18.2054,76.4338,Latur
413521,18.1687,76.1801,Latur
413522,18.3515,76.7547,Latur
413523,18.2649,76.1436,Latur
413524,18.3698,76.7215,Latur
413525,18.2312,76.0059,Osmanabad
413526,18.1896,76.0397,Osmanabad
413527,18.4164,76.3442,Latur
413528,18.362,76.133,Osmanabad
413529,18.4769,76.6105,Latur
413530,18.3748,76.7617,Latur
413531,18.2452,76.2563,Latur
413532,18.2941,76.777,Latur
413534,18.1896,76.0397,Osmanabad
413544,18.2032,76.1125,Latur
413581,18.1767,76.3407,Latur
413582,18.4706,75.8049,Latur
413601,18.0269,76.1258,Osmanabad
413602,18.0241,76.3069,Osmanabad
413603,17.8937,76.2361,Osmanabad
413604,17.8878,76.4564,Osmanabad
413605,18.0376,76.2011,Osmanabad
413606,17.8971,76.6308,Osmanabad
413607,18.1586,76.2551,Latur
413608,18.0218,76.3318,Osmanabad
413623,17.9197,75.9913,Osmanabad
413624,18.2429,76.0168,Osmanabad
413701,19.0041,74.654,Ahmed Nagar
413702,19.2042,74.6779,Ahmed Nagar
413703,18.8579,74.5962,Ahmed Nagar
413704,18.9675,74.8862,Ahmed Nagar
413705,19.346,74.5918,Ahmed Nagar
413706,19.2042,74.6779,Ahmed Nagar
413707,19.7681,74.6155,Ahmed Nagar
413708,19.3144,74.6688,Ahmed Nagar
413709,19.4764,74.9423,Ahmed Nagar
413710,19.4845,74.5579,Ahmed Nagar
413711,19.2042,74.6779,Ahmed Nagar
413712,19.1989,74.8078,Ahmed Nagar
413713,19.2042,74.6779,Ahmed Nagar
413714,19.2042,74.6779,Ahmed Nagar
413715,19.2643,74.673,Ahmed Nagar
413716,19.2042,74.6779,Ahmed Nagar
413717,19.444,75.0261,Ahmed Nagar
413718,19.5153,74.6959,Ahmed Nagar
413719,19.2042,74.6779,Ahmed Nagar
413720,19.2003,75.0508,Ahmed Nagar
413721,19.4515,74.6842,Ahmed Nagar
413722,19.2003,75.0508,Ahmed Nagar
413723,19.198,75.0034,Ahmed Nagar
413725,19.2042,74.6779,Ahmed Nagar
413726,19.2003,75.0508,Ahmed Nagar
413728,19.0562,74.656,Ahmed Nagar
413736,19.2042,74.6779,Ahmed Nagar
413737,19.1469,74.9649,Ahmed Nagar
413738,19.2042,74.6779,Ahmed Nagar
413739,19.2042,74.6779,Ahmed Nagar
413801,18.4934,74.5484,Pune
413802,18.4934,74.5484,Pune
414001,19.0512,75.1407,Ahmed Nagar
414002,19.1778,74.7044,Ahmed Nagar
414003,19.0512,75.1407,Ahmed Nagar
414005,19.2284,74.6088,Ahmed Nagar
414006,19.3894,74.761,Ahmed Nagar
414101,18.956,74.6367,Ahmed Nagar
414102,19.2359,74.7046,Ahmed Nagar
414103,19.2075,74.4569,Ahmed Nagar
414105,19.2315,74.6981,Ahmed Nagar
414106,19.1958,74.5099,Ahmed Nagar
414110,19.2042,74.6779,Ahmed Nagar
414111,19.2076,74.6664,Ahmed Nagar
414113,19.1896,74.789,Ahmed Nagar
414201,19.0005,74.9178,Ahmed Nagar
414202,18.9626,75.8045,Beed
414203,18.9938,75.6189,Beed
414204,18.9478,75.8395,Beed
414205,18.9565,75.8779,Beed
414208,18.9478,75.8395,Beed
414301,19.2042,74.6779,Ahmed Nagar
414302,19.1696,74.5737,Ahmed Nagar
414303,19.1828,74.6195,Ahmed Nagar
414304,19.4696,74.4727,Ahmed Nagar
414305,19.1785,74.6038,Ahmed Nagar
414306,18.96,74.2813,Ahmed Nagar
414401,19.1109,75.0266,Ahmed Nagar
414402,18.9577,74.6452,Ahmed Nagar
414403,19.0864,74.6971,Ahmed Nagar
414501,19.116,74.6787,Ahmed Nagar
414502,19.231,74.747,Ahmed Nagar
414503,19.2917,75.1151,Ahmed Nagar
414504,19.2042,74.6779,Ahmed Nagar
414505,19.2724,75.119,Ahmed Nagar
414601,19.1877,74.7884,Ahmed Nagar
414602,19.1958,74.8176,Ahmed Nagar
414603,19.2465,74.7778,Ahmed Nagar
414604,19.2341,74.7429,Ahmed Nagar
414605,19.2042,74.6779,Ahmed Nagar
414606,19.2042,74.6779,Ahmed Nagar
414607,19.2042,74.6779,Ahmed Nagar
414609,19.4851,74.9684,Ahmed Nagar
414701,19.1107,74.6641,Ahmed Nagar
415001,17.6661,74.1735,Satara
415002,17.6838,74.1897,Satara
415003,17.6661,74.1735,Satara
415004,17.6661,74.1735,Satara
415010,17.6661,74.1735,Satara
415011,17.6661,74.1735,Satara
415012,17.729,74.3198,Satara
415013,17.6661,74.1735,Satara
415014,17.7179,74.294,Satara
415015,17.6661,74.1735,Satara
415019,17.6661,74.1735,Satara
415020,17.6661,74.1735,Satara
415021,17.6661,74.1735,Satara
415022,17.6661,74.1735,Satara
415023,17.6661,74.1735,Satara
415101,16.5422,74.0852,Kolhapur
415102,17.4422,74.5502,Satara
415103,17.6661,74.1735,Satara
415104,17.6931,74.4665,Satara
415105,17.6931,74.4665,Satara
415106,17.4018,74.2083,Satara
415107,17.5887,74.1598,Satara
415108,17.6931,74.4665,Satara
415109,17.3706,74.1056,Satara
415110,17.6661,74.1735,Satara
415111,17.6661,74.1735,Satara
415112,17.6638,74.2013,Satara
415114,17.6661,74.1735,Satara
415115,17.6661,74.1735,Satara
415116,17.6661,74.1735,Satara
415122,17.6661,74.1735,Satara
415124,17.6661,74.1735,Satara
415202,17.2734,73.4573,Ratnagiri
415203,17.4688,73.8084,Ratnagiri
415205,17.6661,74.1735,Satara
415206,17.4042,73.9286,Satara
415207,17.3755,73.7305,Satara
415208,17.4475,73.3536,Ratnagiri
415209,17.6661,74.1735,Satara
415211,17.6661,74.1735,Satara
415212,17.6661,74.1735,Satara
415213,18.5574,74.4986,Raigarh(MH)
415214,17.2734,73.4573,Ratnagiri
415301,17.2938,74.9135,Sangli
415302,17.1109,74.7832,Sangli
415303,17.1109,74.7832,Sangli
415304,17.4582,75.2023,Sangli
415305,17.2085,74.7539,Sangli
415306,17.3308,74.8734,Sangli
415307,17.2107,74.7382,Sangli
415308,17.3414,74.7762,Sangli
415309,17.3811,74.6447,Sangli
415310,17.1177,74.6544,Sangli
415311,17.0721,74.672,Sangli
415312,17.4319,74.6443,Satara
415313,17.1177,74.6544,Sangli
415315,17.1177,74.6544,Sangli
415401,17.1109,74.7832,Sangli
415402,17.2161,74.5493,Sangli
415403,17.0078,74.2623,Sangli
415404,17.1267,74.1864,Sangli
415405,17.1044,74.6806,Sangli
415406,17.0906,74.2246,Sangli
415407,17.1017,74.6901,Sangli
415408,17.1049,74.7519,Sangli
415409,17.05,74.2667,Sangli
415410,17.1009,74.1591,Sangli
415411,17.1109,74.7832,Sangli
415412,17.1109,74.7832,Sangli
415413,17.1109,74.7832,Sangli
415414,17.1109,74.7832,Sangli
415415,17.1109,74.7832,Sangli
415501,17.6678,74.1729,Satara
415502,17.7946,74.2591,Satara
415503,17.7705,74.3305,Satara
415504,17.6661,74.1735,Satara
415505,17.6661,74.1735,Satara
415506,17.7111,74.2512,Satara
415507,17.5167,74.5579,Satara
415508,17.6757,74.2482,Satara
415509,17.6634,74.2247,Satara
415510,17.5658,74.3021,Satara
415511,17.6594,74.1759,Satara
415512,17.867,74.3918,Satara
415513,17.934,74.4646,Satara
415514,18.0229,74.5008,Satara
415515,17.6661,74.1735,Satara
415516,17.9876,74.5228,Satara
415517,17.9876,74.5228,Satara
415518,17.5477,74.065,Satara
415519,17.5299,74.068,Satara
415520,17.5477,74.065,Satara
415521,18.1181,74.6291,Satara
415522,17.7949,74.2267,Satara
415523,17.744,74.2402,Satara
415524,17.7239,74.1615,Satara
415525,17.879,74.0905,Satara
415526,18.0119,74.0729,Satara
415527,17.6661,74.1735,Satara
415528,18.5824,75.0539,Satara
415530,17.6661,74.1735,Satara
415536,17.6661,74.1735,Satara
415537,17.6661,74.1735,Satara
415538,17.6661,74.1735,Satara
415539,17.6661,74.1735,Satara
415540,17.5,74.7044,Satara
415601,17.4359,73.6564,Ratnagiri
415602,17.2734,73.4573,Ratnagiri
415603,17.2734,73.4573,Ratnagiri
415604,17.7614,73.2707,Ratnagiri
415605,17.2734,73.4573,Ratnagiri
415606,17.3196,73.5829,Ratnagiri
415607,17.2734,73.4573,Ratnagiri
415608,17.2734,73.4573,Ratnagiri
415609,17.2734,73.4573,Ratnagiri
415610,17.2734,73.4573,Ratnagiri
415611,17.2734,73.4573,Ratnagiri
415612,17.2601,73.4468,Ratnagiri
415613,17.2734,73.4573,Ratnagiri
415614,17.2734,73.4573,Ratnagiri
415615,17.157,73.2717,Ratnagiri
415616,17.2734,73.4573,Ratnagiri
415617,17.2734,73.4573,Ratnagiri
415619,17.2734,73.4573,Ratnagiri
415620,17.2877,73.3626,Ratnagiri
415621,17.2877,73.3626,Ratnagiri
415626,17.2877,73.3626,Ratnagiri
415628,17.5245,73.4341,Ratnagiri
415629,17.0509,73.291,Ratnagiri
415634,17.551,73.1457,Ratnagiri
415637,17.3411,73.3727,Ratnagiri
415639,17.7425,73.2869,Ratnagiri
415640,17.8883,73.4305,Ratnagiri
415641,17.336,73.5445,Ratnagiri
415643,16.7838,73.6585,Ratnagiri
415701,17.2734,73.4573,Ratnagiri
415702,17.51,73.3236,Ratnagiri
415703,17.0951,73.4769,Ratnagiri
415705,17.4088,73.204,Ratnagiri
415706,17.5897,73.18,Ratnagiri
415708,17.6214,73.45,Ratnagiri
415709,17.2734,73.4573,Ratnagiri
415710,17.7444,73.3201,Ratnagiri
415711,17.6158,73.4658,Ratnagiri
415712,17.7365,73.2252,Ratnagiri
415713,17.481,73.3177,Ratnagiri
415714,17.8476,73.0908,Ratnagiri
415715,17.5095,73.7846,Satara
415716,17.2734,73.4573,Ratnagiri
415717,17.9181,73.0636,Ratnagiri
415718,17.7462,73.4329,Ratnagiri
415719,17.6556,73.2927,Ratnagiri
415720,17.2734,73.4573,Ratnagiri
415722,17.2734,73.4573,Ratnagiri
415724,17.2734,73.4573,Ratnagiri
415726,17.2734,73.4573,Ratnagiri
415727,17.6465,73.3831,Ratnagiri
415728,17.2734,73.4573,Ratnagiri
415729,17.2734,73.4573,Ratnagiri
415730,17.2734,73.4573,Ratnagiri
415801,16.9818,73.697,Ratnagiri
415802,17.2734,73.4573,Ratnagiri
415803,17.0639,73.3986,Ratnagiri
415804,17.4454,73.5109,Ratnagiri
415805,17.0581,73.4269,Ratnagiri
415806,17.2734,73.4573,Ratnagiri
415807,17.2734,73.4573,Ratnagiri
416001,16.7775,74.3898,Kolhapur
416002,16.4704,74.1612,Kolhapur
416003,16.4704,74.1612,Kolhapur
416004,16.4704,74.1612,Kolhapur
416005,16.4704,74.1612,Kolhapur
416006,16.4704,74.1612,Kolhapur
416007,16.4704,74.1612,Kolhapur
416008,16.4704,74.1612,Kolhapur
416010,16.4704,74.1612,Kolhapur
416011,16.4704,74.1612,Kolhapur
416012,16.4704,74.1612,Kolhapur
416013,16.4704,74.1612,Kolhapur
416101,16.7949,74.6481,Kolhapur
416102,16.4704,74.1612,Kolhapur
416103,16.7353,74.6025,Kolhapur
416104,16.4704,74.1612,Kolhapur
416105,16.4704,74.1612,Kolhapur
416106,16.5008,74.2223,Kolhapur
416107,16.4704,74.1612,Kolhapur
416108,16.4704,74.1612,Kolhapur
416109,16.3736,74.3101,Kolhapur
416110,16.4704,74.1612,Kolhapur
416111,16.8258,74.4375,Kolhapur
416112,16.5734,74.3309,Kolhapur
416113,16.4704,74.1612,Kolhapur
416114,16.8184,74.1867,Kolhapur
416115,16.4704,74.1612,Kolhapur
416116,16.4704,74.1612,Kolhapur
416118,16.6645,74.3218,Kolhapur
416119,16.4704,74.1612,Kolhapur
416120,16.4704,74.1612,Kolhapur
416121,16.4704,74.1612,Kolhapur
416122,16.5161,74.1789,Kolhapur
416138,16.4704,74.1612,Kolhapur
416143,16.4704,74.1612,Kolhapur
416144,16.4704,74.1612,Kolhapur
416146,16.4704,74.1612,Kolhapur
416201,16.8121,74.1101,Kolhapur
416202,16.4704,74.1612,Kolhapur
416203,16.4704,74.1612,Kolhapur
416204,16.4704,74.1612,Kolhapur
416205,16.6424,74.1284,Kolhapur
416206,16.4704,74.1612,Kolhapur
416207,16.4704,74.1612,Kolhapur
416208,16.4704,74.1612,Kolhapur
416209,16.4618,74.1598,Kolhapur
416210,16.162,74.0085,Kolhapur
416211,16.2652,74.155,Kolhapur
416212,16.4059,74.0134,Kolhapur
416213,16.4704,74.1612,Kolhapur
416214,16.5071,74.1515,Kolhapur
416215,16.5253,74.1344,Kolhapur
416216,16.577,74.3154,Kolhapur
416218,16.6165,74.2766,Kolhapur
416219,16.396,74.1914,Kolhapur
416220,16.2934,74.3001,Kolhapur
416221,16.3624,74.314,Kolhapur
416223,16.3933,74.2703,Kolhapur
416229,16.4462,74.3163,Kolhapur
416230,16.4704,74.1612,Kolhapur
416231,16.4704,74.1612,Kolhapur
416232,16.4704,74.1612,Kolhapur
416234,16.4704,74.1612,Kolhapur
416235,16.4684,74.1741,Kolhapur
416236,16.4704,74.1612,Kolhapur
416301,17.6983,74.5593,Sangli
416302,17.0769,74.7113,Sangli
416303,16.9891,74.4679,Sangli
416304,16.9074,74.5995,Sangli
416305,17.7822,74.5273,Sangli
416306,17.6144,74.5913,Sangli
416307,17.7822,74.5273,Sangli
416308,17.1109,74.7832,Sangli
416309,17.119,74.4106,Sangli
416310,17.0919,74.5114,Sangli
416311,17.4688,74.9641,Sangli
416312,17.1109,74.7832,Sangli
416313,17.1109,74.7832,Sangli
416314,17.1121,74.7438,Sangli
416315,17.1109,74.7832,Sangli
416316,17.1109,74.7832,Sangli
416401,17.5107,75.3191,Sangli
416402,17.1109,74.7832,Sangli
416403,17.1246,74.9823,Sangli
416404,17.0844,75.2283,Sangli
416405,17.1048,74.8008,Sangli
416406,17.1109,74.7832,Sangli
416407,17.0295,74.761,Sangli
416408,17.089,74.762,Sangli
416409,17.1109,74.7832,Sangli
416410,17.1109,74.7832,Sangli
416411,17.1109,74.7832,Sangli
416412,17.1109,74.7832,Sangli
416413,17.1667,74.8144,Sangli
416414,16.8973,74.6207,Sangli
416415,17.1547,74.8077,Sangli
416416,16.8544,74.5642,Sangli
416417,17.1109,74.7832,Sangli
416418,16.9067,74.8747,Sangli
416419,17.1109,74.7832,Sangli
416420,17.2983,74.9764,Sangli
416436,17.1109,74.7832,Sangli
416437,17.1109,74.7832,Sangli
416501,16.0776,74.2914,Kolhapur
416502,16.2419,74.3356,Kolhapur
416503,16.2095,74.157,Kolhapur
416504,16.0562,74.3274,Kolhapur
416505,16.4704,74.1612,Kolhapur
416506,16.167,74.4682,Kolhapur
416507,16.0209,74.3133,Kolhapur
416508,16.0284,74.367,Kolhapur
416509,15.9613,74.1644,Kolhapur
416510,16.1323,73.7383,Sindhudurg
416511,15.8287,73.8547,Sindhudurg
416512,15.6828,74.0288,Sindhudurg
416513,16.1323,73.7383,Sindhudurg
416514,16.1323,73.7383,Sindhudurg
416515,16.1323,73.7383,Sindhudurg
416516,16.3835,73.5393,Sindhudurg
416517,16.1323,73.7383,Sindhudurg
416518,16.1323,73.7383,Sindhudurg
416519,16.3045,73.8462,Sindhudurg
416520,16.1268,73.736,Sindhudurg
416521,16.3262,73.8198,Sindhudurg
416522,16.1323,73.7383,Sindhudurg
416523,16.1323,73.7383,Sindhudurg
416524,16.1323,73.7383,Sindhudurg
416525,15.9876,73.6452,Sindhudurg
416526,16.4704,74.1612,Kolhapur
416527,16.4704,74.1612,Kolhapur
416528,15.9787,73.7047,Sindhudurg
416529,16.1323,73.7383,Sindhudurg
416531,16.0889,73.6746,Sindhudurg
416534,16.0889,73.6746,Sindhudurg
416549,15.7777,74.0564,Sindhudurg
416550,15.9744,73.9666,Sindhudurg
416551,16.027,74.1622,Kolhapur
416552,16.017,74.2362,Kolhapur
416601,16.1323,73.7383,Sindhudurg
416602,16.1323,73.7383,Sindhudurg
416603,16.1567,73.6833,Sindhudurg
416604,15.9302,73.8214,Sindhudurg
416605,16.1323,73.7383,Sindhudurg
416606,16.1323,73.7383,Sindhudurg
416608,16.1354,73.7166,Sindhudurg
416609,16.1323,73.7383,Sindhudurg
416610,16.3762,73.5747,Sindhudurg
416611,16.1323,73.7383,Sindhudurg
416612,15.7513,74.0498,Sindhudurg
416613,16.3762,73.5747,Sindhudurg
416614,16.1323,73.7383,Sindhudurg
416615,16.1323,73.7383,Sindhudurg
416616,16.1323,73.7383,Sindhudurg
416620,16.1323,73.7383,Sindhudurg
416623,16.4177,73.4587,Sindhudurg
416626,16.1323,73.7383,Sindhudurg
416628,16.1323,73.7383,Sindhudurg
416630,16.1323,73.7383,Sindhudurg
416632,16.1323,73.7383,Sindhudurg
416701,17.7414,73.5874,Ratnagiri
416702,18.1793,76.0953,Ratnagiri
416703,16.5584,73.6186,Sindhudurg
416704,17.4069,73.6313,Ratnagiri
416705,17.2734,73.4573,Ratnagiri
416707,17.2734,73.4573,Ratnagiri
416709,17.2734,73.4573,Ratnagiri
416712,17.2734,73.4573,Ratnagiri
416713,17.2734,73.4573,Ratnagiri
416801,16.4023,73.4323,Sindhudurg
416803,16.4923,73.3303,Sindhudurg
416804,16.1323,73.7383,Sindhudurg
416805,16.4615,73.3753,Sindhudurg
416806,16.5545,73.3352,Sindhudurg
416807,16.4923,73.3303,Sindhudurg
416810,16.16,73.739,Sindhudurg
416811,16.1323,73.7383,Sindhudurg
416812,16.1423,73.7689,Sindhudurg
416813,16.1323,73.7383,Sindhudurg
421002,19.36,73.3279,Thane
421004,19.36,73.3279,Thane
421005,19.36,73.3279,Thane
421101,19.3669,73.1758,Thane
421102,19.2963,73.2276,Thane
421103,19.261,73.2535,Thane
421201,19.2167,73.0833,Thane
421202,19.267,73.0715,Thane
421203,19.267,73.0715,Thane
421204,19.3173,73.0597,Thane
421301,19.2166,73.2176,Thane
421302,19.2228,73.2224,Thane
421303,19.3177,73.3129,Thane
421305,19.2166,73.2176,Thane
421306,19.3284,73.2993,Thane
421308,19.3002,73.0588,Thane
421311,19.36,73.3279,Thane
421312,19.36,73.3279,Thane
421401,19.3,73.3778,Thane
421402,19.3518,73.563,Thane
421403,19.36,73.3279,Thane
421501,19.36,73.3279,Thane
421502,19.36,73.3279,Thane
421503,19.3218,73.3235,Thane
421505,19.36,73.3279,Thane
421506,19.36,73.3279,Thane
421601,19.2043,73.5719,Thane
421602,19.2816,73.7878,Thane
421603,19.36,73.3279,Thane
421605,19.36,73.3279,Thane
422001,20.2589,74.5521,Nashik
422002,20.2589,74.5521,Nashik
422003,20.2394,74.3282,Nashik
422004,20.2798,74.0201,Nashik
422005,20.2589,74.5521,Nashik
422006,20.3795,73.9848,Nashik
422007,20.2522,74.0897,Nashik
422008,20.2589,74.5521,Nashik
422009,20.2589,74.5521,Nashik
422010,20.2597,74.0726,Nashik
422011,20.2597,74.0726,Nashik
422012,20.2597,74.0726,Nashik
422013,20.2597,74.0726,Nashik
422101,20.2597,74.0726,Nashik
422102,20.2675,74.0841,Nashik
422103,20.1415,74.0859,Nashik
422104,20.2597,74.0726,Nashik
422105,20.2127,74.5628,Nashik
422112,20.2597,74.0726,Nashik
422113,20.2597,74.0726,Nashik
422201,20.0225,74.0014,Nashik
422202,20.2654,74.709,Nashik
422203,20.2694,74.2165,Nashik
422204,20.2453,73.9872,Nashik
422205,20.3075,74.1929,Nashik
422206,20.0947,73.9282,Nashik
422207,20.2597,74.0726,Nashik
422208,20.1445,73.7644,Nashik
422209,20.2388,74.3432,Nashik
422210,20.2144,74.0662,Nashik
422211,20.2757,74.0534,Nashik
422212,19.7916,73.8148,Nashik
422213,19.9678,73.6631,Nashik
422214,20.2597,74.0726,Nashik
422215,20.0844,74.4728,Nashik
422221,20.0296,73.7156,Nashik
422222,20.0296,73.7156,Nashik
422301,20.104,74.4027,Nashik
422302,20.1591,74.3619,Nashik
422303,20.0581,74.1171,Nashik
422304,20.1529,74.1487,Nashik
422305,20.2068,74.3663,Nashik
422306,20.1453,74.2225,Nashik
422308,20.1348,74.0916,Nashik
422401,20.2597,74.0726,Nashik
422402,20.2144,74.0356,Nashik
422403,20.0661,74.3825,Nashik
422501,20.2597,74.0726,Nashik
422502,20.2457,74.1136,Nashik
422601,19.2249,74.6441,Ahmed Nagar
422602,19.2042,74.6779,Ahmed Nagar
422603,19.4981,74.1035,Ahmed Nagar
422604,19.565,74.4298,Ahmed Nagar
422605,19.5584,74.6483,Ahmed Nagar
422606,20.2232,74.364,Nashik
422608,19.2042,74.6779,Ahmed Nagar
422610,19.2086,74.6252,Ahmed Nagar
422611,19.7109,74.1933,Ahmed Nagar
422620,18.7471,74.638,Ahmed Nagar
422622,19.3483,74.299,Ahmed Nagar
423101,20.2678,74.2677,Nashik
423102,20.3537,74.4044,Nashik
423104,20.27,74.1823,Nashik
423105,20.5248,74.5072,Nashik
423106,20.3102,74.3376,Nashik
423107,19.5959,74.4317,Ahmed Nagar
423108,20.6308,74.3751,Nashik
423109,19.7573,74.43,Ahmed Nagar
423110,20.255,74.2021,Nashik
423111,20.2798,74.0201,Nashik
423117,20.3012,74.0774,Nashik
423201,20.5266,74.3318,Nashik
423202,20.5825,74.4351,Nashik
423203,20.5499,74.5283,Nashik
423204,20.6859,74.3441,Nashik
423205,20.6315,74.6235,Nashik
423206,20.6746,74.4462,Nashik
423208,20.3032,74.6058,Nashik
423212,20.4005,74.4851,Nashik
423213,20.5506,74.297,Nashik
423301,20.5958,74.2586,Nashik
423302,20.5748,74.4138,Nashik
423303,20.2597,74.0726,Nashik
423401,20.1953,74.2065,Nashik
423402,20.0121,74.5732,Nashik
423403,20.1903,74.5463,Nashik
423501,20.4257,74.1492,Nashik
423502,20.418,74.197,Nashik
423601,19.2528,74.6396,Ahmed Nagar
423602,19.2042,74.6779,Ahmed Nagar
423603,19.2223,74.7034,Ahmed Nagar
423604,18.9333,74.3167,Ahmed Nagar
423605,19.8176,74.3963,Ahmed Nagar
423607,19.2042,74.6779,Ahmed Nagar
423701,20.0429,75.2571,Aurangabad
423702,20.0531,75.2951,Aurangabad
423703,20.0951,75.2783,Aurangabad
424001,20.8361,74.71,Dhule
424002,20.9157,74.7025,Dhule
424004,20.8361,74.71,Dhule
424005,20.9708,74.7836,Dhule
424006,20.7662,74.7061,Dhule
424101,20.5658,75.0922,Jalgaon
424102,20.8492,75.4038,Jalgaon
424103,20.818,75.3525,Jalgaon
424104,20.7912,75.5294,Jalgaon
424105,20.7383,75.2354,Jalgaon
424106,20.599,74.9445,Jalgaon
424107,20.6704,75.1047,Jalgaon
424108,20.4862,74.9347,Jalgaon
424109,20.3225,74.8124,Nashik
424119,20.581,75.1134,Jalgaon
424201,20.7013,75.4808,Jalgaon
424202,20.7929,75.4393,Jalgaon
424203,20.5833,75.4833,Jalgaon
424204,20.6533,75.5769,Jalgaon
424205,20.7085,75.683,Jalgaon
424206,20.8743,75.7542,Jalgaon
424207,20.9791,75.5678,Jalgaon
424208,20.8372,75.651,Jalgaon
424301,20.9231,74.8141,Dhule
424302,20.8876,74.5798,Dhule
424303,21.0042,74.6218,Dhule
424304,20.9476,74.4863,Dhule
424305,21.1311,74.3126,Dhule
424306,21.0911,74.5734,Dhule
424307,21.0676,74.6791,Dhule
424308,20.7382,74.8393,Dhule
424309,21.0492,74.6666,Dhule
424310,20.9835,74.532,Dhule
424311,20.8365,74.7433,Dhule
424318,21.0479,74.8129,Dhule
425001,21.0011,75.6111,Jalgaon
425002,21.0088,75.5766,Jalgaon
425003,21.0123,75.5659,Jalgaon
425004,21.0011,75.6111,Jalgaon
425101,21.0416,75.6076,Jalgaon
425102,20.9109,74.9721,Jalgaon
425103,21.041,75.4709,Jalgaon
425104,20.9721,75.3875,Jalgaon
425105,20.9554,75.1435,Jalgaon
425107,21.2164,75.425,Jalgaon
425108,21.0443,75.3811,Jalgaon
425109,20.8544,75.3056,Jalgaon
425110,20.7951,75.3097,Jalgaon
425111,20.8337,75.27,Jalgaon
425112,20.7092,75.0104,Jalgaon
425113,20.9298,75.0187,Jalgaon
425114,20.7744,75.716,Jalgaon
425115,20.7609,75.4789,Jalgaon
425116,20.8622,75.54,Jalgaon
425201,21.0429,75.7393,Jalgaon
425203,20.7907,75.7553,Jalgaon
425301,21.1496,75.7311,Jalgaon
425302,21.0867,75.6452,Jalgaon
425303,21.2056,75.4741,Jalgaon
425304,21.0562,75.8031,Jalgaon
425305,20.9983,75.9235,Jalgaon
425306,20.9479,75.7985,Jalgaon
425307,21.0298,75.7957,Jalgaon
425308,21.0255,75.9684,Jalgaon
425309,20.9114,75.8701,Jalgaon
425310,20.8992,75.6381,Jalgaon
425311,20.9077,75.6015,Jalgaon
425327,20.9546,75.7687,Jalgaon
425401,21.0439,75.126,Jalgaon
425402,21.1527,75.0216,Jalgaon
425403,21.1765,74.9375,Dhule
425404,21.2219,74.8584,Dhule
425405,21.3265,74.9682,Dhule
425406,21.2751,74.8111,Dhule
425407,21.0133,74.6171,Dhule
425408,21.1804,74.6612,Dhule
425409,21.4526,74.4263,Nandurbar
425410,21.4334,74.5273,Nandurbar
425411,21.3829,74.4111,Nandurbar
425412,21.5028,74.2202,Nandurbar
425413,21.3685,74.3729,Nandurbar
425414,21.7262,74.1816,Nandurbar
425415,21.3386,74.2498,Nandurbar
425416,21.2868,74.0519,Nandurbar
425417,21.2779,74.0685,Nandurbar
425418,21.4769,74.1476,Nandurbar
425419,21.5538,74.1798,Nandurbar
425420,21.1513,75.1055,Jalgaon
425421,21.2829,74.9714,Dhule
425422,21.3457,74.4694,Nandurbar
425423,21.4652,74.5579,Nandurbar
425424,21.5884,74.5455,Nandurbar
425426,21.1751,74.0338,Nandurbar
425427,21.2785,74.7008,Dhule
425428,21.5456,74.8712,Dhule
425432,21.6376,74.3342,Nandurbar
425442,21.615,74.3207,Nandurbar
425444,21.5671,74.3739,Nandurbar
425452,21.7382,74.0377,Nandurbar
425501,21.1406,75.9374,Jalgaon
425502,21.1505,75.8894,Jalgaon
425503,21.1666,75.8186,Jalgaon
425504,21.2896,75.8979,Jalgaon
425505,21.2211,75.9346,Jalgaon
425506,21.166,75.9656,Jalgaon
425507,21.0392,75.7516,Jalgaon
425508,21.1906,75.8748,Jalgaon
425524,21.173,75.8322,Jalgaon
431001,20.0291,75.2816,Aurangabad
431002,20.0188,75.2749,Aurangabad
431003,20.0291,75.2816,Aurangabad
431004,20.0291,75.2816,Aurangabad
431005,20.0291,75.2816,Aurangabad
431006,20.0291,75.2816,Aurangabad
431007,20.0155,75.2908,Aurangabad
431008,20.0447,75.3456,Aurangabad
431009,20.0291,75.2816,Aurangabad
431010,20.0291,75.2816,Aurangabad
431011,20.0291,75.2816,Aurangabad
431101,20.1067,75.2879,Aurangabad
431102,20.0867,75.225,Aurangabad
431103,20.1654,75.3596,Aurangabad
431104,20.2593,75.366,Aurangabad
431105,19.9678,75.2856,Aurangabad
431107,19.9598,75.2946,Aurangabad
431109,19.924,75.2864,Aurangabad
431110,20.1486,75.5609,Aurangabad
431111,20.0565,75.3504,Aurangabad
431112,20.3809,75.5929,Aurangabad
431113,20.4119,75.4936,Aurangabad
431114,20.2873,75.7855,Jalna
431115,20.1493,75.1143,Aurangabad
431116,20.2082,75.179,Aurangabad
431117,20.4931,75.718,Aurangabad
431118,20.2622,75.4505,Aurangabad
431120,20.5645,75.5495,Aurangabad
431121,19.9712,75.4544,Jalna
431122,18.9478,75.8395,Beed
431123,18.8653,76.1417,Beed
431124,18.9477,75.8697,Beed
431125,18.9478,75.8395,Beed
431126,18.9545,75.8746,Beed
431127,19.0001,75.8195,Beed
431128,18.9382,76.2592,Beed
431129,19.0716,75.926,Beed
431130,19.2926,75.5969,Beed
431131,19.0764,76.2176,Beed
431132,20.4008,75.7702,Jalna
431133,20.0624,75.2278,Aurangabad
431134,20.227,75.8144,Jalna
431135,20.0585,75.3418,Aurangabad
431136,20.0291,75.2816,Aurangabad
431137,20.0291,75.2816,Aurangabad
431142,18.9478,75.8395,Beed
431143,18.9478,75.8395,Beed
431144,18.9572,75.8902,Beed
431147,20.3667,75.2999,Aurangabad
431148,20.0291,75.2816,Aurangabad
431150,20.5281,75.3583,Aurangabad
431151,20.2518,75.4961,Aurangabad
431152,20.0671,75.2874,Aurangabad
431153,18.9733,75.8673,Beed
431154,19.8503,75.5783,Aurangabad
431202,19.862,75.8737,Jalna
431203,19.6929,75.8818,Jalna
431204,19.7708,75.9686,Jalna
431205,19.4995,75.7488,Jalna
431206,19.7707,75.898,Jalna
431207,19.6436,76.0835,Jalna
431208,20.112,75.9866,Jalna
431209,19.4886,75.9917,Jalna
431211,19.4439,76.1403,Jalna
431212,19.8701,76.0017,Jalna
431213,19.8311,75.9902,Jalna
431214,19.8562,76.0669,Jalna
431215,20.0701,75.8312,Jalna
431401,19.2695,76.6969,Parbhani
431402,19.2443,76.7473,Parbhani
431501,19.6146,76.2833,Hingoli
431502,19.6492,76.1785,Jalna
431503,19.5551,76.5424,Parbhani
431504,19.6977,76.356,Jalna
431505,19.2788,76.5298,Parbhani
431506,19.2834,76.3525,Parbhani
431507,19.3341,76.1934,Jalna
431508,19.4578,76.7289,Parbhani
431509,19.3399,76.7742,Hingoli
431510,19.0012,76.8045,Parbhani
431511,19.239,76.8295,Parbhani
431512,19.6593,77.0093,Hingoli
431513,19.7342,77.1362,Hingoli
431514,18.9802,76.7541,Parbhani
431515,18.9067,76.0912,Beed
431516,19.0394,76.6319,Parbhani
431517,18.8376,76.075,Beed
431518,18.9478,75.8395,Beed
431519,18.9478,75.8395,Beed
431520,18.9478,75.8395,Beed
431521,19.1101,76.6919,Parbhani
431522,18.2629,76.1378,Latur
431523,18.7054,76.3223,Beed
431530,18.8984,76.473,Beed
431536,19.1527,76.6674,Parbhani
431537,19.3648,76.6808,Parbhani
431540,19.3033,76.7247,Parbhani
431541,19.1964,76.5779,Parbhani
431542,19.7802,76.9477,Hingoli
431601,19.1617,77.2144,Nanded
431602,19.1124,77.484,Nanded
431603,19.1153,77.3479,Nanded
431604,19.1617,77.2144,Nanded
431605,19.1721,77.2611,Nanded
431606,19.0802,77.2722,Nanded
431701,19.5604,77.2917,Hingoli
431702,19.6572,77.1469,Hingoli
431703,19.7225,77.0679,Hingoli
431704,19.4756,77.7354,Nanded
431705,19.5138,76.9796,Hingoli
431707,18.9676,77.3048,Nanded
431708,18.9409,77.0997,Nanded
431709,18.8938,77.5213,Nanded
431710,18.8478,77.5824,Nanded
431711,18.8029,77.7839,Nanded
431712,19.2577,77.5804,Nanded
431713,19.3495,77.5573,Nanded
431714,18.9587,77.298,Nanded
431715,18.8115,77.4217,Nanded
431716,18.6783,77.262,Nanded
431717,18.6983,77.4823,Nanded
431718,18.4999,77.5182,Nanded
431719,18.6027,77.3936,Nanded
431720,19.1553,76.7616,Parbhani
431721,19.4238,77.7998,Nanded
431722,18.8282,77.4403,Nanded
431723,18.6733,77.5998,Nanded
431731,18.7665,77.6218,Nanded
431736,18.7861,77.5916,Nanded
431741,18.5402,77.4815,Nanded
431742,18.9642,77.1733,Nanded
431743,19.3932,77.447,Nanded
431745,19.1756,77.5157,Nanded
431746,18.8352,77.3779,Nanded
431750,19.2998,77.2699,Nanded
431801,19.1876,77.6518,Nanded
431802,19.0945,77.2275,Nanded
431803,19.3929,78.066,Nanded
431804,19.691,78.0585,Nanded
431805,19.6826,78.0552,Nanded
431806,19.0312,77.483,Nanded
431807,19.0994,77.5581,Nanded
431808,18.9928,77.6435,Nanded
431809,18.8996,77.6075,Nanded
431810,19.2973,77.861,Nanded
431811,19.4602,77.9717,Nanded
440001,21.1365,79.0912,Nagpur
440002,21.1365,79.0912,Nagpur
440003,21.1365,79.0912,Nagpur
440005,21.1365,79.0912,Nagpur
440006,21.1365,79.0912,Nagpur
440007,21.1365,79.0912,Nagpur
440008,21.1365,79.0912,Nagpur
440010,21.1555,79.0909,Nagpur
440012,21.1346,79.0823,Nagpur
440013,21.1555,79.0909,Nagpur
440014,21.1793,79.0923,Nagpur
440015,21.1555,79.0909,Nagpur
440016,21.1555,79.0909,Nagpur
440017,21.1555,79.0909,Nagpur
440018,21.1526,79.0981,Nagpur
440019,21.1555,79.0909,Nagpur
440020,21.1562,79.0731,Nagpur
440021,21.1562,79.0731,Nagpur
440022,21.1562,79.0731,Nagpur
440023,21.1683,79.0761,Nagpur
440024,21.1562,79.0731,Nagpur
440025,21.108,79.0611,Nagpur
440026,21.1562,79.0731,Nagpur
440027,21.1562,79.0731,Nagpur
440030,21.1272,79.0655,Nagpur
440032,21.1431,79.1086,Nagpur
440033,21.1272,79.0655,Nagpur
440034,21.1272,79.0655,Nagpur
440035,21.1272,79.0655,Nagpur
440036,21.1112,79.0224,Nagpur
440037,21.1272,79.0655,Nagpur
441001,20.9823,79.5555,Nagpur
441101,21.3636,78.9715,Nagpur
441102,21.2744,79.3219,Nagpur
441103,21.1,78.7009,Nagpur
441104,21.1396,79.189,Nagpur
441105,21.3268,79.167,Nagpur
441106,21.3131,79.3721,Nagpur
441107,21.3732,78.9129,Nagpur
441108,20.9332,79.0835,Nagpur
441109,21.2037,79.1318,Nagpur
441110,21.1043,79.1564,Nagpur
441111,21.2677,79.043,Nagpur
441112,21.4404,78.8793,Nagpur
441113,21.3454,79.0294,Nagpur
441122,20.9657,78.9728,Nagpur
441123,21.2204,79.0611,Nagpur
441201,20.8816,79.3898,Nagpur
441202,21.0529,79.1729,Nagpur
441203,20.8582,79.2625,Nagpur
441204,20.9725,79.2123,Nagpur
441205,20.6284,79.6165,Chandrapur
441206,20.4717,79.7766,Chandrapur
441207,20.3139,79.7753,Gadchiroli
441208,20.1083,80.1136,Gadchiroli
441209,20.5697,80.2935,Gadchiroli
441210,20.9786,79.4057,Nagpur
441212,20.281,79.6074,Chandrapur
441214,20.6844,79.2486,Nagpur
441215,20.2842,79.7237,Chandrapur
441217,20.3273,80.1331,Gadchiroli
441221,20.4445,79.5402,Chandrapur
441222,20.2962,79.6382,Chandrapur
441223,20.346,79.5927,Chandrapur
441224,20.0961,79.4665,Chandrapur
441225,20.1039,79.8057,Chandrapur
441226,20.0441,79.6276,Chandrapur
441301,21.3497,78.3728,Nagpur
441302,21.263,78.6022,Nagpur
441303,21.4535,78.4492,Nagpur
441304,21.452,78.5009,Nagpur
441305,21.3248,78.4606,Nagpur
441306,21.3862,78.6453,Nagpur
441401,21.4216,79.3196,Nagpur
441404,21.2542,79.2164,Nagpur
441501,21.1487,78.8897,Nagpur
441502,21.2688,78.8076,Nagpur
441601,21.2632,80.1463,Gondia
441614,21.4176,80.1126,Gondia
441701,20.8373,80.0057,Gondia
441702,20.8152,80.1038,Gondia
441801,21.2085,80.1951,Gondia
441802,21.0783,79.9438,Bhandara
441803,20.7251,79.8446,Bhandara
441804,21.0767,79.7759,Bhandara
441805,20.8661,79.8766,Bhandara
441806,21.117,80.1778,Gondia
441807,21.1727,80.2163,Gondia
441809,21.0235,79.8245,Bhandara
441901,21.19,80.2795,Gondia
441902,21.2703,80.3877,Gondia
441903,21.0714,79.7488,Bhandara
441904,21.1603,79.9272,Bhandara
441905,21.1299,79.7028,Bhandara
441906,21.1478,79.5874,Bhandara
441907,21.5638,79.7271,Bhandara
441908,20.8522,79.7089,Bhandara
441909,21.3111,79.638,Bhandara
441910,20.8234,79.6699,Bhandara
441911,21.2375,80.1172,Gondia
441912,21.2106,79.7569,Bhandara
441913,21.3408,79.7846,Bhandara
441914,21.3805,79.5821,Bhandara
441915,21.4522,79.7907,Bhandara
441916,21.3365,80.4226,Gondia
441924,21.1256,79.6791,Bhandara
442001,20.7682,78.6771,Wardha
442003,20.7664,78.7001,Wardha
442101,20.703,78.5168,Wardha
442102,20.6579,78.8184,Wardha
442104,20.6843,78.8298,Wardha
442105,20.7424,78.5871,Wardha
442106,20.9564,78.4363,Wardha
442107,20.6163,78.5359,Wardha
442111,20.7811,78.6703,Wardha
442201,21.043,78.2363,Wardha
442202,21.056,78.2213,Wardha
442203,21.0645,78.4296,Wardha
442301,20.6822,78.8046,Wardha
442302,20.7326,78.4287,Amravati
442303,20.6637,78.5308,Wardha
442304,20.7474,78.6082,Wardha
442305,20.6791,78.8702,Wardha
442306,20.6666,78.3347,Wardha
442307,20.7396,78.5215,Wardha
442401,20.1448,79.0792,Chandrapur
442402,20.2301,78.946,Chandrapur
442403,20.1186,79.4443,Chandrapur
442404,20.0342,79.2141,Chandrapur
442406,20.0152,79.2284,Chandrapur
442501,19.5351,79.6099,Chandrapur
442502,19.5351,79.6099,Chandrapur
442503,20.1305,79.034,Chandrapur
442504,19.3268,79.945,Gadchiroli
442505,19.9436,79.1327,Chandrapur
442507,19.5351,79.6099,Chandrapur
442603,19.9619,79.8687,Gadchiroli
442604,19.8202,79.9866,Gadchiroli
442605,19.9387,80.139,Gadchiroli
442606,20.211,80.1911,Gadchiroli
442701,19.8384,79.5326,Chandrapur
442702,19.8854,79.5409,Chandrapur
442703,19.6187,80.0782,Gadchiroli
442704,19.7689,80.2537,Gadchiroli
442705,19.4647,79.9623,Gadchiroli
442707,19.6104,79.9192,Gadchiroli
442709,19.3301,80.0682,Gadchiroli
442710,19.5349,80.3054,Gadchiroli
442901,20.2906,79.2365,Chandrapur
442902,20.2368,79.1684,Chandrapur
442903,20.479,79.4699,Gadchiroli
442904,20.2894,79.4723,Chandrapur
442905,20.0467,79.2852,Chandrapur
442906,20.3139,79.263,Chandrapur
442907,20.3478,79.0442,Chandrapur
442908,20.0222,79.3667,Chandrapur
442914,20.3192,79.0686,Chandrapur
442916,20.0911,79.247,Chandrapur
442917,20.0571,79.3701,Chandrapur
442918,19.9813,79.57,Chandrapur
442919,19.7118,79.9526,Gadchiroli
443001,20.3394,75.9568,Buldhana
443002,20.3873,76.1102,Buldhana
443101,20.8234,76.255,Buldhana
443102,20.6942,76.3014,Buldhana
443103,20.6146,76.4385,Buldhana
443104,20.9255,76.2918,Buldhana
443106,20.3828,76.1207,Buldhana
443112,20.5624,76.3885,Buldhana
443201,20.5165,76.3914,Buldhana
443202,20.142,76.4592,Buldhana
443203,20.1919,76.3498,Buldhana
443204,20.2024,76.2922,Buldhana
443206,20.3912,76.0994,Buldhana
443301,20.4464,76.4166,Buldhana
443302,20.2081,76.5062,Buldhana
443303,20.111,76.5219,Buldhana
443304,20.3083,76.4916,Buldhana
443308,20.2367,76.1295,Buldhana
443401,20.9061,76.3465,Buldhana
443402,20.9669,76.4388,Buldhana
443403,20.9449,76.4253,Buldhana
443404,20.7615,76.3806,Buldhana
444001,20.7494,77.054,Akola
444002,20.7494,77.054,Akola
444003,20.7731,77.0844,Akola
444004,20.4668,77.2351,Akola
444005,20.7494,77.054,Akola
444006,20.6918,77.0595,Akola
444101,21.0915,77.0904,Akola
444102,20.7277,77.2426,Akola
444103,20.7029,76.9898,Akola
444104,20.696,77.0981,Akola
444105,20.3178,77.3224,Washim
444106,20.7227,77.2282,Akola
444107,20.7002,77.3551,Akola
444108,20.733,77.0434,Akola
444109,20.6682,77.0633,Akola
444110,20.4959,77.4108,Washim
444111,20.6111,77.116,Akola
444117,20.9436,77.0265,Akola
444126,20.7494,77.054,Akola
444201,20.6648,76.5167,Buldhana
444202,20.9251,76.6379,Buldhana
444203,20.5597,76.4241,Buldhana
444204,20.8254,76.5294,Buldhana
444301,20.4988,76.4134,Buldhana
444302,20.7349,77.1052,Akola
444303,20.5181,76.4176,Buldhana
444304,20.8531,76.5618,Buldhana
444306,20.6779,76.4997,Buldhana
444311,20.7567,77.0401,Akola
444312,20.5117,76.409,Buldhana
444401,20.6821,77.2914,Akola
444402,20.6774,77.1909,Akola
444403,20.2749,77.3141,Washim
444404,20.2324,77.3301,Washim
444405,20.4911,77.1853,Akola
444407,20.5791,77.2425,Akola
444409,20.2271,77.3054,Washim
444501,20.7409,77.0519,Akola
444502,20.7494,77.054,Akola
444503,20.2187,77.2955,Washim
444504,20.2132,77.3129,Washim
444505,20.1388,77.1199,Washim
444506,20.1268,76.8944,Akola
444507,20.1687,77.3536,Washim
444510,20.1377,77.119,Washim
444511,20.6626,77.0009,Akola
444601,20.9142,77.7597,Amravati
444602,21.0651,77.5988,Amravati
444603,21.1886,77.5724,Amravati
444604,21.1886,77.5724,Amravati
444605,21.1886,77.5724,Amravati
444606,21.1886,77.5724,Amravati
444607,21.1886,77.5724,Amravati
444701,20.7493,77.7067,Amravati
444702,21.1278,77.3066,Amravati
444704,21.1902,77.7209,Amravati
444705,21.108,77.4703,Amravati
444706,20.9481,77.2223,Amravati
444707,21.1054,77.7698,Amravati
444708,20.7039,77.8702,Amravati
444709,20.9124,77.9673,Amravati
444710,20.862,77.8889,Amravati
444711,20.7762,78.0551,Amravati
444717,21.3428,77.3003,Amravati
444719,21.4782,77.3147,Amravati
444720,21.3312,77.7806,Amravati
444723,21.2672,77.6731,Amravati
444801,21.0344,77.6593,Amravati
444802,20.9122,77.6157,Amravati
444803,20.9642,77.3888,Amravati
444804,21.086,77.5619,Amravati
444805,21.132,77.559,Amravati
444806,21.1977,77.5021,Amravati
444807,21.3893,77.3986,Amravati
444808,21.2188,77.531,Amravati
444809,21.3174,77.8513,Amravati
444810,21.1886,77.5724,Amravati
444813,21.449,77.3452,Amravati
444901,21.0712,77.8497,Amravati
444902,21.1754,77.6285,Amravati
444903,21.1237,78.0704,Amravati
444904,20.8772,77.8838,Amravati
444905,21.1603,77.8996,Amravati
444906,21.2956,78.0069,Amravati
444907,21.1347,78.1034,Amravati
444908,21.3929,78.1337,Amravati
444915,21.1347,78.1034,Amravati
445001,20.1473,78.1456,Yavatmal
445002,20.3679,78.15,Yavatmal
445101,20.4704,78.2923,Yavatmal
445102,20.1984,78.0647,Yavatmal
445103,19.9593,78.0908,Yavatmal
445105,20.2344,78.0223,Yavatmal
445106,19.9619,78.0459,Yavatmal
445109,20.1565,78.1277,Yavatmal
445110,20.1648,77.8738,Yavatmal
445201,20.068,77.6872,Yavatmal
445202,20.3518,77.6873,Yavatmal
445203,20.1564,77.7659,Yavatmal
445204,20.0128,77.6899,Yavatmal
445205,19.8845,77.7327,Yavatmal
445206,19.7518,77.7402,Yavatmal
445207,19.5771,77.9374,Yavatmal
445209,20.0023,77.6301,Yavatmal
445210,20.2712,77.9733,Yavatmal
445211,19.8689,77.647,Yavatmal
445215,19.9317,77.9358,Yavatmal
445216,20.0172,77.9071,Yavatmal
445230,19.7075,77.8872,Yavatmal
445301,20.1329,78.2852,Yavatmal
445302,20.0566,78.4499,Yavatmal
445303,20.1287,78.779,Yavatmal
445304,20.025,78.7975,Yavatmal
445305,19.9353,78.5353,Yavatmal
445306,19.9516,78.3118,Yavatmal
445307,19.8537,78.9984,Yavatmal
445308,20.2674,78.4864,Yavatmal
445323,20.1932,78.2978,Yavatmal
445324,20.0906,78.6791,Yavatmal
445401,20.2798,78.2005,Yavatmal
445402,20.394,78.4486,Yavatmal
