scheme,crops,benefit,eligibility,how_to_apply,period,source_url,verified
Shetmal Taran Karj Yojana (MSAMB pledge loan),"Tur, moong, urad, soybean, sunflower, chana, paddy, safflower, jowar, bajra, maize, wheat, turmeric, rajma, cashew, raisins, areca (NOT onion)","Loan up to 75% of value (valued at lower of market price or MSP) for 180 days at 6%; then 8% for next 6 months and 12% thereafter; storage, supervision and insurance by APMC free; also against MSWC/CWC warehouse receipts",Producer farmers only (traders' produce not accepted),Deposit produce in participating APMC godown and apply at the APMC (circular & form on MSAMB site),Running since 1990-91,https://www.msamb.com/schemes/pledgefinance,true
e-NWR pledge finance + Credit Guarantee Scheme (CGS-NPF),Any notified agri/horti produce stored in WDRA-registered warehouses,"Rs 1,000 cr guarantee corpus so banks lend against electronic negotiable warehouse receipts; lets farmer hold stock instead of distress sale","Farmers (incl. small/marginal), FPOs, cooperatives, MSMEs, traders using WDRA-registered warehouses","Deposit in WDRA-registered warehouse, obtain e-NWR, apply for pledge loan at scheduled/cooperative bank",Launched 16-12-2024,https://www.pib.gov.in/PressReleasePage.aspx?PRID=2085018,true
Post-harvest interest subvention on loans against NWR (MISS/KCC),All crops stored in WDRA-accredited warehouses,Concessional 7% p.a. (effective 4% with prompt repayment on crop loans) extended up to 6 months post-harvest against negotiable warehouse receipts; MISS limit raised Rs 3 -> 5 lakh in Budget 2025,Small & marginal farmers holding Kisan Credit Card,Through KCC-issuing bank against NWR,Ongoing (scheme continued 2025-26),https://www.pib.gov.in/PressReleasePage.aspx?PRID=1559071 | https://www.pib.gov.in/PressReleasePage.aspx?PRID=2099696,true
PM-AASHA: Price Support Scheme (PSS) at MSP,"Pulses (tur, urad, masur up to 100% of state output through 2028-29; others 25%), oilseeds (soybean etc.), copra",Central agencies NAFED/NCCF buy FAQ produce at MSP from pre-registered farmers; payment by DBT,Pre-registered farmers with FAQ produce in notified procurement window,"Register on NAFED e-Samridhi / NCCF e-Samyukti or MH state agency centres when window opens (MH soybean 2025-26: reg. from 30-10-2025, purchase 15-11-2025..12-02-2026)",Continued for 15th FC cycle to 2025-26; 100% tur/urad/masur for 4 years from 2025,https://www.pib.gov.in/PressReleasePage.aspx?PRID=2104121 | https://www.pib.gov.in/PressReleasePage.aspx?PRID=2155528,true
Price Deficit Payment Scheme / Bhavantar (Madhya Pradesh only - NOT available in Maharashtra),Soybean (MP),Pays difference between MSP and state model rate to registered MP farmers who sell in MP mandis,MP farmers registered on e-Uparjan (2025: 03-10..24-10-2025; 2026: 03-10..17-10-2026),MP e-Uparjan portal/CSC/PACS - not applicable to Maharashtra farmers,Kharif 2025 and 2026 (MP),https://indianmasterminds.com/news/mp-bhavantar-yojana-soybean-farmers-registration-148771/ | https://www.socialnews.xyz/2026/09/30/mp-soybean-registration-under-bhavantar-yojana-to-begin-on-oct-3/,true
MSWC warehousing concession + warehouse-receipt pledge,"Foodgrains, pulses, oilseeds, cotton etc.",Rebate up to 50% on storage charges for farmers (also SC/ST & tribal-area farmers); 25% of space reserved for farmers; NWR usable for bank pledge loans,Producer farmers,Deposit at nearest MSWC warehouse centre; take receipt to bank for pledge loan,Ongoing,https://mswarehousing.com/MSwhs/about-us/ | https://mswarehousing.com/MSwhs/pledge-loan/,true
Maharashtra onion price subsidy (ad hoc),Onion,"Past rounds: Rs 200/qtl (sales 01-11..31-12-2018, max 200 qtl) and Rs 350/qtl (sales 01-02..31-03-2023, max 200 qtl). No 2026 round found as of 2026-10-02",Onion growers with 7/12 crop record and APMC/private market/NAFED sale receipts in the notified window,"Apply via APMC with sale patti, 7/12 and bank details when GR is issued","Ad hoc (2018-19, 2023)",https://www.freepressjournal.in/mumbai/maharashtra-news-onion-farmers-to-take-sigh-of-relief-as-government-sanctions-subsidy-for-350-per-quintal | https://www.newsclick.in/anticipating-electoral-loss-maharashtra-govt-increases-subsidy-deadline-onion-farmers,true
PM-KISAN (income support - context only),All,"Rs 6,000/year in three Rs 2,000 instalments by DBT (23rd instalment 20-06-2026); not linked to sale timing",Eligible landholding farmer families (Aadhaar-seeded bank account),Register via pmkisan.gov.in / CSC,Ongoing,https://www.pib.gov.in/PressReleasePage.aspx?PRID=2275744&reg=3&lang=1,true
Maharashtra drought relief - Trigger-1 (kharif 2026),All (265 talukas),"Land-revenue concession, crop-loan restructuring, stay on recovery of agri loans, pump power-bill concession, no disconnection - reduces cash pressure to sell immediately after harvest",Farmers in the 265 notified talukas,Automatic via district administration/banks; panchnamas by collectors,Declared 26-09-2026,https://thelivenagpur.com/2026/09/26/maharashtra-brings-265-talukas-under-trigger-1-drought-measures-relief-measures-announced/,true
e-NAM (National Agriculture Market),All traded commodities in integrated mandis,"Online bidding across a larger buyer pool, sale proceeds direct to bank; 1,656 mandis, 1.80 cr farmers registered (Feb 2026)",Any farmer selling in an e-NAM-integrated APMC,Register on enam.gov.in / mobile app or at the APMC gate,Ongoing,https://www.pib.gov.in/PressReleasePage.aspx?PRID=2241414&reg=3&lang=2,true
Kisan Rath app,All farm produce,Find trucks/transport aggregators for primary & secondary movement of produce to better markets,"Farmers, FPOs, traders",Download Kisan Rath app (NIC),Launched 17-04-2020,https://www.pib.gov.in/PressReleasePage.aspx?PRID=1615352,true
